ISO,country,year,population,cases_low,cases,cases_high,deaths_low,deaths,deaths_high
DZA,Algeria,2000,1823421,,34,,,2,
DZA,,2001,1847461,,6,,,1,
DZA,,2002,1871169,,10,,,0,
DZA,,2003,1895196,,5,,,0,
DZA,,2004,1920337,,2,,,0,
DZA,,2005,1947214,,1,,,0,
DZA,,2006,1976072,,1,,,0,
DZA,,2007,2006967,,26,,,0,
DZA,,2008,2040075,,3,,,0,
DZA,,2009,2075512,,0,,,0,
DZA,,2010,2113315,,1,,,1,
DZA,,2011,2153492,,1,,,0,
DZA,,2012,2195930,,55,,,0,
DZA,,2013,2240351,,8,,,0,
DZA,,2014,2286377,,0,,,0,
DZA,,2015,2333623,,0,,,0,
DZA,,2016,2381988,,0,,,0,
DZA,,2017,2431199,,0,,,0,
DZA,,2018,2480496,,0,,,0,
DZA,,2019,2528936,,0,,,0,
AGO,Angola,2000,16395477,3840000,5275560,7013000,16900,18674,20700
AGO,,2001,16945753,4016000,5517080,7339000,16900,18684,20800
AGO,,2002,17519418,3952000,5426313,7318000,17200,19083,21300
AGO,,2003,18121477,4132000,5667511,7569000,17400,19456,21800
AGO,,2004,18758138,4316000,5946911,7974000,17100,19210,21700
AGO,,2005,19433604,4747000,6177115,7831000,16300,18442,20900
AGO,,2006,20149905,4708000,6086202,7708000,15200,17425,20000
AGO,,2007,20905360,4354000,5695246,7354000,14100,16410,19100
AGO,,2008,21695636,3727000,4945196,6457000,13000,15240,18100
AGO,,2009,22514275,3284000,4362172,5725000,11800,14116,17000
AGO,,2010,23356247,3089000,4108235,5420000,11000,13429,16400
AGO,,2011,24220660,2998000,4030883,5258000,10400,12845,16000
AGO,,2012,25107925,3094000,4155393,5460000,10000,12467,15800
AGO,,2013,26015786,3337000,4500708,5909000,9770,12295,15800
AGO,,2014,26941773,3601000,4828163,6362000,9840,12535,16400
AGO,,2015,27884380,4028000,5297305,6797000,10100,13168,17700
AGO,,2016,28842482,4528000,5927529,7693000,10200,13311,18100
AGO,,2017,29816769,4741000,6450282,8522000,10300,13455,18400
AGO,,2018,30809787,5034000,7004857,9491000,10300,13529,18600
AGO,,2019,31825299,5271000,7484109,10290000,10400,13663,18900
BEN,Benin,2000,6865946,2288000,2886173,3569000,6780,7157,7560
BEN,,2001,7076728,2457000,3103010,3844000,6320,6678,7050
BEN,,2002,7295400,2579000,3246723,4027000,6760,7153,7550
BEN,,2003,7520556,2787000,3494942,4344000,7250,7684,8140
BEN,,2004,7750003,2993000,3768637.00,4689000,8080,8572,9100
BEN,,2005,7982223,3164000,3957364,4921000,8960,9525,10100
BEN,,2006,8216893,3238000,4094227,5107000,9800,10439,11100
BEN,,2007,8454790,3257000,4147295,5216000,9860,10526,11200
BEN,,2008,8696915,3174000,4061531,5114000,9310,9957,10600
BEN,,2009,8944713,2947000,3815268,4866000,8420,9024,9670
BEN,,2010,9199254,2819000,3646140,4636000,7500,8050,8630
BEN,,2011,9460829,2760000,3552893,4499000,6800,7308,7840
BEN,,2012,9729254,2893000,3650241,4570000,6240,6724,7230
BEN,,2013,10004594,3096000,3900258,4880000,5890,6365,6860
BEN,,2014,10286839,3278000,4125163,5120000,5920,6407,6930
BEN,,2015,10575962,3570000,4447719,5464000,6110,6654,7230
BEN,,2016,10872072,3934000,4832955,5900000,6310,6915,7550
BEN,,2017,11175192,3908000,4843380,5917000,6440,7134,7830
BEN,,2018,11485035,3748000,4763360,5957000,6360,7088,7880
BEN,,2019,11801151,3670000,4799544,6166000,6230,7065,7960
BWA,Botswana,2000,1089496,13000,19480,35000,1,49,120
BWA,,2001,1110275,4600,7810,14000,0,19,48
BWA,,2002,1130140,2000,3710,7600,0,9,26
BWA,,2003,1149863,740,1876,4500,0,4,15
BWA,,2004,1170513,250,1219,3800,0,3,12
BWA,,2005,1192752,830,1485,2800,0,3,9
BWA,,2006,1217172,3200,4879,8200,0,12,28
BWA,,2007,1243391,490,1285,3200,0,3,10
BWA,,2008,1270028,1200,2457,4900,0,6,17
BWA,,2009,1295128,1300,2718,5200,0,6,18
BWA,,2010,1317411,1300,2229,4000,0,5,13
BWA,,2011,1336173,520,682,940,0,1,3
BWA,,2012,1352181,230,304,410,0,0,1
BWA,,2013,1367430,570,729,980,0,1,3
BWA,,2014,1384712,1600,2074,2800,0,5,10
BWA,,2015,1405992,400,522,710,0,1,2
BWA,,2016,1431987,890,1157,1600,0,2,5
BWA,,2017,1461921,2300,3005,4100,0,7,15
BWA,,2018,1494401,680,881,1200,0,2,4
BWA,,2019,1527309,200,257,360,0,0,1
BFA,Burkina Faso,2000,11607951,5456000,6840864,8459000,33600,35897,38200
BFA,,2001,11944589,5541000,7028819,8786000,35800,38224,40800
BFA,,2002,12293097,5649000,7137058,8927000,34600,36984,39600
BFA,,2003,12654624,5688000,7165885,8919000,34200,36697,39300
BFA,,2004,13030576,5612000,6997556,8698000,34000,36510,39200
BFA,,2005,13421935,5389000,6801959,8473000,33000,35568,38300
BFA,,2006,13829173,5346000,6828527,8541000,32400,35021,37700
BFA,,2007,14252029,5701000,7180196,8965000,32500,35200,38000
BFA,,2008,14689725,6257000,7835309,9658000,32600,35450,38400
BFA,,2009,15141098,6698000,8358319,10320000,26300,28757,31300
BFA,,2010,15605211,6884000,8602187,10590000,29700,32684,35900
BFA,,2011,16081915,6968000,8677204,10710000,27300,30361,33600
BFA,,2012,16571252,7043000,8742005,10760000,20500,23104,25900
BFA,,2013,17072791,6694000,8323401,10230000,19600,22398,25500
BFA,,2014,17586029,6151000,7668618,9439000,17700,20637,24100
BFA,,2015,18110616,5741000,7245827,9025000,15400,18275,21800
BFA,,2016,18646350,5249000,7490818,10340000,13500,16214,19800
BFA,,2017,19193236,5406000,7676215,10590000,12200,15067,18800
BFA,,2018,19751466,5551000,7875575,10960000,11700,14832,19000
BFA,,2019,20321383,5520000,7859000,10850000,11300,14661,19300
BDI,Burundi,2000,6378871,2363000,3214385,4321000,11400,12275,13300
BDI,,2001,6525546,2311000,3203420,4283000,10500,11323,12300
BDI,,2002,6704118,2181000,2984556,4000000,9600,10401,11300
BDI,,2003,6909161,2047000,2797949,3755000,8660,9397,10200
BDI,,2004,7131688,1822000,2498637,3349000,7510,8122,8840
BDI,,2005,7364857,1637000,2255531,3015000,6370,6873,7440
BDI,,2006,7607850,1451000,2031235,2759000,5710,6152,6640
BDI,,2007,7862226,1261000,1785715,2471000,5170,5552,5980
BDI,,2008,8126104,1112000,1612991,2250000,4800,5152,5540
BDI,,2009,8397661,1044000,1520335,2158000,4560,4891,5250
BDI,,2010,8675606,1021000,1503258,2127000,4400,4730,5080
BDI,,2011,8958406,1041000,1499570,2090000,4300,4644,5020
BDI,,2012,9245992,1096000,1536650,2114000,4400,4786,5240
BDI,,2013,9540302,1160000,1648882,2271000,4340,4765,5280
BDI,,2014,9844301,1247000,1759151,2426000,4370,4866,5480
BDI,,2015,10160034,1437000,1990538,2715000,4380,4933,5650
BDI,,2016,10488002,1755000,2407557,3205000,4420,5038,5870
BDI,,2017,10827010,2074000,2805588,3716000,4430,5138,6070
BDI,,2018,11175379,2435000,3241635,4236000,4410,5145,6170
BDI,,2019,11530577,2538000,3412492,4496000,4420,5184,6290
CPV,Cabo Verde,2000,111326,,144,,,0,
CPV,,2001,113282,,107,,,0,
CPV,,2002,115168,,76,,,2,
CPV,,2003,116980,,68,,,4,
CPV,,2004,118720,,45,,,4,
CPV,,2005,120388,,68,,,2,
CPV,,2006,121984,,80,,,8,
CPV,,2007,123517,,18,,,2,
CPV,,2008,125019,,35,,,2,
CPV,,2009,126533,,65,,,2,
CPV,,2010,128087,,47,,,1,
CPV,,2011,129703,,7,,,1,
CPV,,2012,131362,,1,,,0,
CPV,,2013,133052,,22,,,0,
CPV,,2014,134751,,26,,,1,
CPV,,2015,136432,,7,,,0,
CPV,,2016,138096,,48,,,1,
CPV,,2017,139749,,423,,,2,
CPV,,2018,141378,,2,,,0,
CPV,,2019,142983,,0,,,0,
CMR,Cameroon,2000,15513944,4949000,6291500,7905000,15700,16746,17900
CMR,,2001,15928910,5090000,6471215,8108000,16900,18040,19300
CMR,,2002,16357605,5199000,6583442,8205000,20500,22018,23500
CMR,,2003,16800869,5469000,6959244,8724000,22600,24196,25900
CMR,,2004,17259322,5879000,7457970,9380000,23700,25402,27300
CMR,,2005,17733408,5958000,7629075,9613000,23300,25042,27000
CMR,,2006,18223677,5909000,7603454,9610000,21300,22995,24800
CMR,,2007,18730283,5696000,7437648,9477000,18200,19576,21100
CMR,,2008,19252674,5297000,6963958,9021000,15200,16419,17700
CMR,,2009,19789922,4828000,6299137,8113000,13200,14233,15300
CMR,,2010,20341236,4529000,5909335,7556000,11800,12750,13700
CMR,,2011,20906392,4272000,5574283,7146000,11400,12276,13200
CMR,,2012,21485267,3981000,5455543,7293000,11800,12733,13800
CMR,,2013,22077300,3795000,5590823,7961000,11900,12904,14000
CMR,,2014,22681853,3680000,5649911,8290000,11900,12948,14100
CMR,,2015,23298376,3822000,5777768,8306000,11500,12629,13800
CMR,,2016,23926549,4178000,5918836,8153000,11000,12184,13500
CMR,,2017,24566070,4501000,5965313,7830000,10400,11661,13000
CMR,,2018,25216261,4696000,6077650,7751000,10100,11413,12900
CMR,,2019,25876387,4854000,6291256,8076000,9730,11278,13000
CAF,Central African Republic,2000,3640421,1189000,1579130,2055000,5070,5631,6240
CAF,,2001,3722016,1217000,1606811,2067000,5440,6058,6740
CAF,,2002,3802129,1242000,1633454,2100000,6010,6723,7530
CAF,,2003,3881185,1291000,1693492,2191000,6570,7393,8350
CAF,,2004,3959883,1331000,1763481,2287000,6880,7803,8910
CAF,,2005,4038380,1388000,1800676,2302000,7250,8335,9640
CAF,,2006,4118075,1403000,1819614,2320000,7760,9035,10600
CAF,,2007,4198004,1420000,1825263,2305000,7600,8968,10800
CAF,,2008,4273368,1395000,1800343,2289000,7040,8421,10300
CAF,,2009,4337623,1327000,1756714,2275000,6580,8032,10000
CAF,,2010,4386765,1244000,1711195,2300000,5800,7267,9290
CAF,,2011,4418639,1193000,1685137,2293000,4920,6290,8260
CAF,,2012,4436411,1200000,1683507,2275000,4380,5754,7750
CAF,,2013,4447945,1200000,1689380,2315000,3700,4980,6860
CAF,,2014,4464171,1163000,1662001,2316000,3370,4650,6600
CAF,,2015,4493171,1113000,1609659,2264000,3000,4229,6160
CAF,,2016,4537683,1107000,1581723,2183000,2680,3881,5800
CAF,,2017,4596023,1102000,1583659,2217000,2490,3682,5650
CAF,,2018,4666375,1089000,1600845,2286000,2390,3592,5650
CAF,,2019,4745179,1097000,1636894,2348000,2260,3500,5670
TCD,Chad,2000,8264159,1235000,2245611,3779000,6800,7214,7670
TCD,,2001,8583024,1292000,2363133,3935000,6720,7140,7580
TCD,,2002,8920465,1156000,2119101,3554000,7280,7746,8240
TCD,,2003,9271268,1186000,2124954,3636000,7530,8013,8540
TCD,,2004,9628165,1156000,2114917,3580000,7790,8306,8870
TCD,,2005,9986071,1129000,2180093,3863000,8700,9303,9960
TCD,,2006,10342616,1123000,2249747,4017000,10000,10754,11600
TCD,,2007,10699573,1173000,2286009,4029000,11000,11778,12700
TCD,,2008,11061128,1298000,2315942,3896000,12300,13299,14400
TCD,,2009,11433558,1407000,2397825,3798000,12700,13790,15000
TCD,,2010,11821258,1458000,2452621,3891000,12500,13636,14900
TCD,,2011,12225633,1351000,2408462,3935000,11500,12628,13800
TCD,,2012,12644755,1201000,2412960,4258000,10400,11462,12600
TCD,,2013,13075669,1089000,2435214,4630000,9520,10576,11700
TCD,,2014,13513945,1070000,2512304,4979000,8630,9661,10800
TCD,,2015,13956455,1245000,2674276,5109000,8120,9161,10300
TCD,,2016,14402207,1440000,2795550,4884000,7740,8840,10100
TCD,,2017,14852327,1623000,2873012,4780000,7500,8692,10100
TCD,,2018,15308245,1748000,3049681,4979000,7390,8663,10300
TCD,,2019,15772263,1798000,3187220,5221000,7260,8665,10500
COM,Comoros,2000,542358,24000,35309,47000,2,87,190
COM,,2001,555895,24000,35335,47000,2,87,190
COM,,2002,569480,24000,35347,48000,2,87,190
COM,,2003,583213,24000,35347,48000,2,87,190
COM,,2004,597230,24000,35342,48000,2,87,190
COM,,2005,611625,24000,35336,47000,2,87,190
COM,,2006,626427,24000,35332,47000,2,87,190
COM,,2007,641624,24000,35328,47000,2,87,190
COM,,2008,657227,24000,35325,47000,2,87,190
COM,,2009,673251,24000,35322,47000,2,87,190
COM,,2010,689696,,36538,,3,89,140
COM,,2011,706578,,24856,,2,61,95
COM,,2012,723865,,49840,,4,125,200
COM,,2013,741511,,53156,,5,134,210
COM,,2014,759390,,2203,,0,5,8
COM,,2015,777435,,1300,,0,3,5
COM,,2016,795597,,1066,,0,2,4
COM,,2017,813890,,2274,,0,5,9
COM,,2018,832322,,15613,,1,39,62
COM,,2019,850891,,17599,,1,39,61
COG,Congo,2000,3127420,723000,1107773,1622000,2420,2594,2780
COG,,2001,3217930,720000,1105780,1640000,2520,2696,2890
COG,,2002,3310376,694000,1059383,1564000,2530,2698,2880
COG,,2003,3406915,702000,1063381,1561000,2560,2733,2920
COG,,2004,3510468,701000,1081512,1582000,2420,2576,2740
COG,,2005,3622775,727000,1071382,1522000,2290,2434,2590
COG,,2006,3745143,704000,1029257,1451000,2080,2204,2340
COG,,2007,3876123,666000,964732,1374000,1930,2039,2160
COG,,2008,4011487,589000,879254,1256000,1850,1954,2060
COG,,2009,4145400,528000,830863,1241000,1810,1909,2010
COG,,2010,4273738,506000,825106,1283000,1790,1894,2000
COG,,2011,4394842,522000,841452,1300000,1770,1882,2000
COG,,2012,4510197,551000,867530,1308000,1760,1898,2040
COG,,2013,4622757,589000,923236,1377000,1790,1951,2140
COG,,2014,4736965,615000,963579,1437000,1780,1968,2200
COG,,2015,4856093,624000,994126,1523000,1730,1900,2150
COG,,2016,4980996,615000,1052715,1693000,1750,1942,2230
COG,,2017,5110701,598000,1135273,1923000,1740,1938,2250
COG,,2018,5244363,626000,1212707,2150000,1760,1957,2300
COG,,2019,5380504,625000,1241940,2239000,1780,1985,2360
CIV,Côte d’Ivoire,2000,16454660,6879000,8457103,10280000,27600,29356,31300
CIV,,2001,16853027,7058000,8743638,10640000,29200,31128,33200
CIV,,2002,17231539,7285000,8942765,10940000,29300,31284,33400
CIV,,2003,17599613,7419000,9141777,11140000,27600,29520,31500
CIV,,2004,17970493,7566000,9309037,11360000,24000,25608,27300
CIV,,2005,18354513,7600000,9351060,11470000,20300,21709,23100
CIV,,2006,18754914,7624000,9471321,11620000,17700,18870,20100
CIV,,2007,19171250,7893000,9748393,11920000,16700,17822,19000
CIV,,2008,19605568,8104000,10002060,12160000,16200,17349,18600
CIV,,2009,20059147,8211000,9981034,12160000,16300,17537,18800
CIV,,2010,20532944,8083000,9823413,11780000,15300,16482,17700
CIV,,2011,21028652,7870000,9486145,11400000,13500,14526,15600
CIV,,2012,21547188,6731000,8350452,10250000,11300,12249,13200
CIV,,2013,22087506,4866000,6489514,8410000,9870,10648,11500
CIV,,2014,22647672,3717000,5185013,6968000,8880,9585,10400
CIV,,2015,23226148,3406000,6049768,9306000,8860,9615,10500
CIV,,2016,23822726,3324000,6635810,11010000,8660,9429,10300
CIV,,2017,24437475,3231000,7003630,11740000,8620,9484,10400
CIV,,2018,25069226,3474000,7007118,11790000,8570,9488,10600
CIV,,2019,25716554,3824000,7729373,12690000,8500,9516,10700
COD,Democratic Republic of the Congo,2000,47105832,18010000,22313058,27260000,81800,89268,98000
COD,,2001,48428536,18450000,22839862,27770000,82300,89862,98700
COD,,2002,49871666,18930000,23359599,28440000,71200,77969,85600
COD,,2003,51425584,19730000,24383486,29900000,80100,87995,96800
COD,,2004,53068868,20700000,25547298,31190000,97100,107056,118000
COD,,2005,54785898,21500000,26521057,32370000,81400,90083,99700
COD,,2006,56578046,22140000,27166306,33120000,90900,101220,113000
COD,,2007,58453680,22430000,27641605,33580000,84300,94889,107000
COD,,2008,60411194,22670000,27592828,33420000,71700,81878,92800
COD,,2009,62448574,22080000,26995532,32750000,67500,78211,89900
COD,,2010,64563854,21340000,26322107,32070000,53500,63199,73400
COD,,2011,66755154,20650000,25509951,31260000,40600,48620,57100
COD,,2012,69020748,19410000,24437640,30340000,38400,46818,55800
COD,,2013,71358804,18210000,23295337,29490000,35300,43858,53400
COD,,2014,73767448,17300000,22548387,28850000,36400,46327,57600
COD,,2015,76244540,17260000,22771286,29460000,34500,44929,57300
COD,,2016,78789144,18000000,24006863,31210000,30700,40456,53000
COD,,2017,81398776,19290000,25698931,33330000,33000,45014,60500
COD,,2018,84068096,20370000,27103676,35510000,31900,44458,62000
COD,,2019,86790564,21240000,28280007,36870000,30900,44178,63200
GNQ,Equatorial Guinea,2000,606180,180000,231851,294000,720,792,890
GNQ,,2001,631662,191000,243023,309000,730,807,910
GNQ,,2002,658388,198000,254921,322000,760,846,960
GNQ,,2003,686670,210000,269400,341000,810,910,1030
GNQ,,2004,716949,221000,283388,358000,860,979,1120
GNQ,,2005,749527,230000,294552,371000,880,1012,1160
GNQ,,2006,784494,239000,304370,382000,930,1070,1230
GNQ,,2007,821686,243000,311961,396000,880,1024,1190
GNQ,,2008,860839,230000,307045,400000,830,983,1160
GNQ,,2009,901589,197000,290904,418000,800,965,1160
GNQ,,2010,943640,187000,287783,425000,860,1056,1290
GNQ,,2011,986861,207000,303392,427000,850,1077,1340
GNQ,,2012,1031191,256000,339433,442000,810,1054,1340
GNQ,,2013,1076412,285000,371697,475000,760,1013,1320
GNQ,,2014,1122273,296000,386868,497000,670,906,1210
GNQ,,2015,1168575,288000,385596,510000,550,760,1040
GNQ,,2016,1215181,266000,374252,510000,470,662,930
GNQ,,2017,1262008,237000,358794,519000,460,662,960
GNQ,,2018,1308966,202000,333528,520000,450,656,980
GNQ,,2019,1355982,186000,321438,524000,440,655,1000
ERI,Eritrea,2000,2292413,14000,42048,87000,2,97,270
ERI,,2001,2374721,19000,54461,108000,2,130,350
ERI,,2002,2481059,12000,32823,63000,1,74,200
ERI,,2003,2600972,22000,49490,87000,3,112,270
ERI,,2004,2719809,7500,15093,26000,0,32,78
ERI,,2005,2826653,16000,27680,42000,2,59,130
ERI,,2006,2918209,10000,16438,23000,1,36,77
ERI,,2007,2996540,24000,37568,53000,4,60,120
ERI,,2008,3062782,13000,20767,29000,2,37,76
ERI,,2009,3119920,18000,27652,39000,3,41,81
ERI,,2010,3170437,53000,83471,118000,8,161,320
ERI,,2011,3213969,49000,76678,107000,8,141,280
ERI,,2012,3250104,33000,52483,76000,6,85,170
ERI,,2013,3281453,31000,49309,70000,5,88,180
ERI,,2014,3311444,70000,109689,153000,11,227,460
ERI,,2015,3342818,41000,64176,90000,6,128,260
ERI,,2016,3376558,47000,86561,138000,7,198,440
ERI,,2017,3412894,74000,115928,162000,12,221,450
ERI,,2018,3452797,64000,99716,139000,10,196,390
ERI,,2019,3497117,128000,200382,278000,19,437,890
SWZ,Eswatini,2000,281520,340,792,1400,0,2,5
SWZ,,2001,283810,,1395,,0,3,5
SWZ,,2002,285335,,670,,0,1,2
SWZ,,2003,286382,,342,,0,0,1
SWZ,,2004,287360,,574,,0,1,2
SWZ,,2005,288561,,279,,0,0,1
SWZ,,2006,290106,,155,,,0,
SWZ,,2007,291942,,84,,,0,
SWZ,,2008,293985,,58,,,0,
SWZ,,2009,296089,,106,,,0,
SWZ,,2010,298155,,268,,0,0,1
SWZ,,2011,300168,,549,,0,1,2
SWZ,,2012,302199,,562,,0,1,2
SWZ,,2013,304316,,962,,0,2,3
SWZ,,2014,306606,,711,,0,1,2
SWZ,,2015,309130,,157,,,0,
SWZ,,2016,311918,,350,,0,0,1
SWZ,,2017,314946,,724,,0,1,2
SWZ,,2018,318156,,308,,0,0,1
SWZ,,2019,321477,,239,,,0,
ETH,Ethiopia,2000,45032869,2092000,7083936,17940000,380,14085,40400
ETH,,2001,46348411,2411000,8374138,19500000,550,15186,42100
ETH,,2002,47696619,2441000,8353748,19360000,540,15508,43900
ETH,,2003,49075997,2824000,10752274,26840000,580,19940,58400
ETH,,2004,50482860,2973000,13976643,35470000,550,27173,87400
ETH,,2005,51915486,2832000,10149347,25270000,500,20160,63000
ETH,,2006,53372658,2293000,9905755,24740000,380,18708,58100
ETH,,2007,54858556,1768000,8665431,21780000,280,15546,49400
ETH,,2008,56383037,1129000,6833523,17340000,180,12194,39600
ETH,,2009,57959068,682000,9892034,24830000,110,18808,60500
ETH,,2010,59595175,513000,11075492,27890000,83,20605,67000
ETH,,2011,61295151,452000,10327222,24770000,73,16460,52200
ETH,,2012,63054338,471000,10633280,25380000,76,17152,52800
ETH,,2013,64862335,465000,10503836,23450000,74,18715,56100
ETH,,2014,66704096,472000,5348416,10470000,84,9063,24600
ETH,,2015,68568110,562000,4948978,9542000,110,8929,23300
ETH,,2016,70450352,591000,3889793,7170000,110,7285,18500
ETH,,2017,72351951,623000,3489602,6373000,110,6754,17000
ETH,,2018,74272600,1542000,2793314,4189000,230,6500,14100
ETH,,2019,76213540,1453000,2614852,3907000,250,5626,12100
GAB,Gabon,2000,1228359,255000,398659,595000,500,543,600
GAB,,2001,1258008,245000,386140,581000,420,447,490
GAB,,2002,1288310,224000,354028,530000,410,442,480
GAB,,2003,1319946,192000,303081,457000,390,414,440
GAB,,2004,1353788,152000,238031,355000,360,384,410
GAB,,2005,1390550,132000,199934,293000,370,394,420
GAB,,2006,1430144,113000,174027,255000,350,375,400
GAB,,2007,1472565,98000,158828,245000,350,369,390
GAB,,2008,1518538,92000,165933,276000,360,382,400
GAB,,2009,1568925,101000,199936,356000,380,399,420
GAB,,2010,1624146,125000,249796,453000,390,421,450
GAB,,2011,1684629,161000,312175,534000,410,444,480
GAB,,2012,1749677,209000,386021,653000,430,466,510
GAB,,2013,1817070,240000,455643,793000,450,493,550
GAB,,2014,1883801,258000,498531,872000,460,509,570
GAB,,2015,1947690,267000,516861,901000,460,518,590
GAB,,2016,2007882,260000,508527,900000,450,504,580
GAB,,2017,2064812,247000,487781,872000,460,519,600
GAB,,2018,2119275,232000,473614,875000,460,523,610
GAB,,2019,2172578,221000,460333,848000,470,530,630
GMB,Gambia,2000,1317708,352000,446688,556000,680,713,750
GMB,,2001,1360070,350000,446588,555000,640,678,710
GMB,,2002,1404263,349000,446775,555000,620,654,690
GMB,,2003,1449925,350000,447208,560000,590,620,650
GMB,,2004,1496524,351000,447727,556000,570,597,620
GMB,,2005,1543745,353000,448193,559000,560,581,600
GMB,,2006,1591444,352000,448477,559000,550,572,600
GMB,,2007,1639846,354000,448548,556000,550,570,590
GMB,,2008,1689288,352000,448432,558000,550,574,600
GMB,,2009,1740277,353000,448246,558000,560,578,600
GMB,,2010,1793199,351000,448101,555000,580,598,620
GMB,,2011,1848142,376000,464717,564000,580,609,630
GMB,,2012,1905020,401000,501644,610000,590,616,640
GMB,,2013,1963708,364000,462225,572000,600,623,650
GMB,,2014,2024037,233000,298645,370000,610,631,660
GMB,,2015,2085860,340000,442373,555000,610,638,660
GMB,,2016,2149134,215000,283311,358000,620,645,670
GMB,,2017,2213900,106000,142239,182000,630,656,680
GMB,,2018,2280092,141000,192863,248000,640,663,690
GMB,,2019,2347696,87000,118614,153000,650,677,710
GHA,Ghana,2000,19278850,6644000,8390825,10420000,16500,17162,17800
GHA,,2001,19756929,6638000,8296535,10280000,16300,16979,17600
GHA,,2002,20246376,6302000,7919784,9810000,15800,16383,17000
GHA,,2003,20750308,6143000,7696197,9525000,15500,16048,16700
GHA,,2004,21272328,5977000,7493504,9316000,14700,15204,15800
GHA,,2005,21814648,5815000,7338128,9117000,14000,14537,15100
GHA,,2006,22379057,5811000,7340195,9138000,13800,14328,14800
GHA,,2007,22963946,6044000,7545707,9296000,13900,14348,14900
GHA,,2008,23563832,6538000,8063544,9824000,13900,14437,15000
GHA,,2009,24170943,7059000,8695038,10500000,14200,14782,15300
GHA,,2010,24779614,7531000,9211717,11200000,14200,14799,15400
GHA,,2011,25387713,7770000,9551273,11500000,14000,14576,15100
GHA,,2012,25996454,7756000,9516545,11530000,13500,14062,14600
GHA,,2013,26607641,7355000,9086246,11130000,12900,13449,14000
GHA,,2014,27224480,6713000,8460913,10550000,12100,12556,13000
GHA,,2015,27849203,5945000,7681390,9749000,11300,11759,12200
GHA,,2016,28481947,5071000,6763906,8777000,10800,11287,11800
GHA,,2017,29121464,4241000,5850313,7778000,10600,11061,11500
GHA,,2018,29767108,3608000,5111179,6980000,10600,11100,11700
GHA,,2019,30417858,3383000,4911921,6910000,10600,11206,11800
GIN,Guinea,2000,8240735,2505000,3706104,5303000,10200,10831,11500
GIN,,2001,8417082,2486000,3725455,5405000,10100,10760,11400
GIN,,2002,8586077,2401000,3610282,5217000,11100,11846,12600
GIN,,2003,8753097,2328000,3476303,5030000,11100,11877,12700
GIN,,2004,8925729,2179000,3237758,4679000,11600,12431,13300
GIN,,2005,9109585,1988000,3079391,4560000,11300,12092,12900
GIN,,2006,9307421,1970000,3067387,4502000,11100,11948,12800
GIN,,2007,9518159,2131000,3180792,4565000,11500,12357,13300
GIN,,2008,9738796,2499000,3454652,4646000,11500,12437,13400
GIN,,2009,9964470,2897000,3817726,4931000,12100,13041,14100
GIN,,2010,10192168,3248000,4144004,5200000,12500,13487,14600
GIN,,2011,10420459,3575000,4436129,5439000,12000,13067,14200
GIN,,2012,10652032,3812000,4621297,5557000,11100,12137,13300
GIN,,2013,10892821,3721000,4571389,5570000,10100,11038,12100
GIN,,2014,11150970,3483000,4436172,5580000,9160,10073,11100
GIN,,2015,11432096,3255000,4266827,5485000,8350,9262,10300
GIN,,2016,11738434,2971000,3990259,5248000,7640,8554,9620
GIN,,2017,12067516,2771000,3877193,5269000,7280,8254,9350
GIN,,2018,12414292,2659000,3885709,5444000,7190,8220,9460
GIN,,2019,12771246,2542000,3792217,5520000,7090,8213,9560
GNB,Guinea-Bissau,2000,1201305,262000,501949,872000,1030,1110,1200
GNB,,2001,1227105,221000,427534,751000,950,1021,1100
GNB,,2002,1254454,176000,343670,603000,810,867,930
GNB,,2003,1283297,132000,256462,451000,620,656,690
GNB,,2004,1313492,89000,169346,296000,600,636,670
GNB,,2005,1344931,71000,128488,216000,620,658,700
GNB,,2006,1377582,62000,106765,176000,600,640,680
GNB,,2007,1411545,69000,106203,158000,600,636,680
GNB,,2008,1446936,93000,126581,169000,600,636,680
GNB,,2009,1483920,106000,157865,222000,600,644,690
GNB,,2010,1522603,118000,191239,294000,600,650,700
GNB,,2011,1562996,122000,205541,332000,600,650,710
GNB,,2012,1604981,112000,203548,344000,590,645,710
GNB,,2013,1648259,100000,203190,373000,590,644,710
GNB,,2014,1692433,81000,183272,356000,590,646,720
GNB,,2015,1737207,70000,164101,323000,580,636,700
GNB,,2016,1782434,65000,150258,309000,600,670,760
GNB,,2017,1828146,55000,139153,302000,600,675,760
GNB,,2018,1874304,53000,152524,360000,610,679,780
GNB,,2019,1920917,52000,166853,413000,610,687,790
KEN,Kenya,2000,31964557,5417000,7089454,9006000,13800,14336,14900
KEN,,2001,32848569,6252000,8087966,10310000,13900,14515,15100
KEN,,2002,33751745,5883000,7591570,9695000,13900,14451,15000
KEN,,2003,34678778,5656000,7328901,9330000,13400,13967,14500
KEN,,2004,35635260,4961000,6407693,8191000,12700,13187,13700
KEN,,2005,36624894,3729000,5045463,6721000,11800,12251,12700
KEN,,2006,37649036,2821000,3909296,5338000,11300,11685,12100
KEN,,2007,38705936,2235000,3071448,4127000,11100,11451,11800
KEN,,2008,39791984,1877000,2596985,3482000,10900,11292,11600
KEN,,2009,40901802,1818000,2500146,3343000,11000,11318,11700
KEN,,2010,42030686,1911000,2597365,3450000,11100,11461,11800
KEN,,2011,43178270,1984000,2710113,3599000,11500,11921,12300
KEN,,2012,44343470,2091000,2871457,3844000,11600,12082,12500
KEN,,2013,45519982,2178000,3041343,4170000,11700,12201,12700
KEN,,2014,46700066,2217000,3115580,4294000,11800,12304,12900
KEN,,2015,47878348,2248000,3157992,4329000,11800,12357,13000
KEN,,2016,49051524,2229000,3162892,4394000,11800,12387,13100
KEN,,2017,50221148,1999000,3123817,4599000,11800,12455,13200
KEN,,2018,51392568,1841000,3085899,4839000,11900,12534,13400
KEN,,2019,52573968,1615000,2999160,5002000,12000,12703,13600
LBR,Liberia,2000,2848447,888000,1309577,1851000,2800,2964,3140
LBR,,2001,2953928,913000,1349093,1919000,2890,3063,3250
LBR,,2002,3024727,915000,1342340,1889000,3150,3347,3550
LBR,,2003,3077055,906000,1320354,1869000,3110,3295,3490
LBR,,2004,3135654,882000,1292022,1836000,3020,3201,3390
LBR,,2005,3218114,941000,1299008,1757000,2980,3162,3350
LBR,,2006,3329211,971000,1311082,1734000,2900,3078,3260
LBR,,2007,3461911,1011000,1333748,1726000,2870,3051,3240
LBR,,2008,3607863,1052000,1355591,1720000,2880,3069,3270
LBR,,2009,3754129,1025000,1320070,1675000,2790,2977,3170
LBR,,2010,3891357,991000,1282730,1645000,2490,2656,2820
LBR,,2011,4017446,997000,1283532,1629000,2370,2528,2690
LBR,,2012,4135662,1001000,1306375,1665000,2260,2420,2580
LBR,,2013,4248337,1083000,1416557,1812000,2130,2283,2440
LBR,,2014,4359508,1193000,1540662,1958000,2120,2288,2470
LBR,,2015,4472229,1262000,1585572,1965000,1920,2074,2240
LBR,,2016,4586788,1363000,1687964,2066000,2000,2177,2380
LBR,,2017,4702224,1406000,1788012,2235000,2000,2208,2440
LBR,,2018,4818976,1327000,1787679,2346000,1990,2220,2500
LBR,,2019,4937374,1300000,1809994,2448000,1980,2241,2560
MDG,Madagascar,2000,15766806,81000,901335,1958000,38,2228,6680
MDG,,2001,16260933,154000,1108699,2410000,54,2740,7920
MDG,,2002,16765122,22000,899947,2035000,29,2224,6770
MDG,,2003,17279139,29000,1180072,2667000,41,2916,8640
MDG,,2004,17802992,28000,830038,1847000,36,2051,5930
MDG,,2005,18336722,24000,659087,1476000,28,1628,4960
MDG,,2006,18880265,24000,665725,1480000,28,1645,4780
MDG,,2007,19433520,134000,442733,882000,25,1094,2930
MDG,,2008,19996476,258000,469371,797000,36,1160,2680
MDG,,2009,20569115,527000,882824,1392000,68,2182,4810
MDG,,2010,21151640,524000,893540,1438000,71,2208,4940
MDG,,2011,21743970,487000,794810,1164000,61,1964,4120
MDG,,2012,22346641,861000,1424675,2258000,110,3522,7810
MDG,,2013,22961259,863000,1333712,2050000,110,3297,7200
MDG,,2014,23589897,625000,880283,1188000,75,2176,4270
MDG,,2015,24234080,1367000,1897533,2515000,170,4691,9070
MDG,,2016,24894370,757000,1053774,1410000,92,2604,5040
MDG,,2017,25570511,1239000,1664118,2146000,150,4113,7780
MDG,,2018,26262313,1456000,1950602,2501000,170,4822,9100
MDG,,2019,26969306,1535000,2052071,2642000,180,5073,9580
MWI,Malawi,2000,11148751,3941000,5205857,6743000,24900,26153,27500
MWI,,2001,11432001,4059000,5336397,6909000,23000,24206,25500
MWI,,2002,11713663,3878000,5101713,6648000,20300,21410,22500
MWI,,2003,12000183,3627000,4778782,6238000,17200,18120,19100
MWI,,2004,12301837,3460000,4546728,5882000,14200,14969,15800
MWI,,2005,12625950,3618000,4574875,5742000,11800,12472,13100
MWI,,2006,12973693,3670000,4636378,5803000,10700,11200,11800
MWI,,2007,13341808,3834000,4857181,6076000,9900,10403,10900
MWI,,2008,13727899,4199000,5266583,6501000,9470,9984,10500
MWI,,2009,14128161,4528000,5601872,6927000,9200,9739,10300
MWI,,2010,14539609,4598000,5725757,7098000,8500,8992,9530
MWI,,2011,14962118,4453000,5586489,6922000,8070,8519,8980
MWI,,2012,15396010,3905000,4994440,6289000,7800,8228,8660
MWI,,2013,15839287,3368000,4346791,5534000,7070,7484,7920
MWI,,2014,16289550,3010000,3936043,5015000,6550,6999,7490
MWI,,2015,16745305,2805000,3686979,4721000,6130,6649,7210
MWI,,2016,17205253,2800000,3638513,4635000,5850,6422,7070
MWI,,2017,17670193,2898000,3766163,4859000,5690,6328,7040
MWI,,2018,18143215,2867000,3761580,4821000,5630,6295,7120
MWI,,2019,18628749,2883000,3868722,5042000,5610,6333,7240
MLI,Mali,2000,10946448,3014000,4446769,6409000,16300,17285,18300
MLI,,2001,11271603,3116000,4592575,6621000,16300,17260,18300
MLI,,2002,11616890,3232000,4837950,7029000,18100,19145,20300
MLI,,2003,11982692,3375000,5078371,7262000,18100,19138,20300
MLI,,2004,12369078,3626000,5310943,7535000,18200,19284,20500
MLI,,2005,12775509,3843000,5509314,7925000,18000,19125,20300
MLI,,2006,13203378,3737000,5356747,7601000,17100,18210,19400
MLI,,2007,13651455,3703000,5307761,7484000,16600,17656,18900
MLI,,2008,14113578,3696000,5349875,7469000,15600,16652,17800
MLI,,2009,14581427,3787000,5461653,7550000,15100,16198,17400
MLI,,2010,15049352,4132000,5772983,7951000,15600,16783,18100
MLI,,2011,15514593,4471000,6279267,8582000,17200,18616,20200
MLI,,2012,15979492,4942000,6961475,9455000,17600,19202,20900
MLI,,2013,16449854,5334000,7448756,10240000,17300,19049,21000
MLI,,2014,16934213,5365000,7468113,10370000,15700,17450,19400
MLI,,2015,17438772,4827000,6833022,9671000,13700,15442,17300
MLI,,2016,17965448,4860000,6902717,9818000,11900,13598,15500
MLI,,2017,18512429,5057000,7160192,10190000,10400,12068,13900
MLI,,2018,19077755,5200000,7378847,10480000,10100,11856,13900
MLI,,2019,19658023,4629000,6560000,9323000,9780,11725,14100
MRT,Mauritania,2000,2630217,210000,413461,742000,900,944,990
MRT,,2001,2702405,222000,434549,781000,900,946,1000
MRT,,2002,2778097,140000,348597,641000,950,1002,1060
MRT,,2003,2857150,141000,340570,648000,970,1030,1100
MRT,,2004,2939246,90000,279447,526000,970,1042,1130
MRT,,2005,3024198,77000,258395,486000,1020,1108,1210
MRT,,2006,3111908,61000,232594,444000,1020,1115,1230
MRT,,2007,3202512,64000,229185,473000,1020,1125,1260
MRT,,2008,3296237,50000,201954,407000,1030,1140,1290
MRT,,2009,3393408,3600,106414,242000,1040,1154,1320
MRT,,2010,3494200,21000,135058,292000,1030,1152,1330
MRT,,2011,3598646,41000,171207,358000,1050,1195,1400
MRT,,2012,3706555,24000,105342,234000,1080,1234,1480
MRT,,2013,3817497,38000,126803,263000,1090,1253,1520
MRT,,2014,3930894,70000,193411,382000,1130,1308,1610
MRT,,2015,4046304,99000,249288,475000,1150,1341,1680
MRT,,2016,4163532,130000,297695,553000,1160,1359,1720
MRT,,2017,4282582,92000,237631,451000,1170,1379,1750
MRT,,2018,4403312,81000,173555,299000,1180,1393,1780
MRT,,2019,4525698,54000,196538,379000,1200,1414,1810
MOZ,Mozambique,2000,17711925,7046000,8576640,10380000,33900,36318,38900
MOZ,,2001,18221884,7454000,9095681,11010000,32600,34970,37500
MOZ,,2002,18764147,7587000,9213576,11080000,30700,32930,35300
MOZ,,2003,19331097,7662000,9275843,11170000,28000,30062,32300
MOZ,,2004,19910549,7306000,8916792,10770000,25200,27015,29000
MOZ,,2005,20493927,6926000,8453733,10160000,21900,23517,25200
MOZ,,2006,21080108,6802000,8277183,9962000,20500,22032,23600
MOZ,,2007,21673319,6794000,8268318,9987000,18300,19577,20900
MOZ,,2008,22276596,6933000,8476119,10290000,16800,17992,19200
MOZ,,2009,22894718,7207000,8818084,10710000,16200,17314,18600
MOZ,,2010,23531567,7395000,9089598,11060000,15800,17045,18400
MOZ,,2011,24187500,7479000,9151744,11140000,15800,17148,18700
MOZ,,2012,24862673,7577000,9246901,11170000,15600,17251,19100
MOZ,,2013,25560752,7692000,9380800,11340000,15400,17362,19700
MOZ,,2014,26286192,7578000,9283721,11220000,14900,16996,19800
MOZ,,2015,27042001,7603000,9326039,11320000,14000,16234,19300
MOZ,,2016,27829930,7689000,9456263,11520000,13200,15543,18900
MOZ,,2017,28649007,7544000,9353438,11500000,12600,15061,18600
MOZ,,2018,29496009,7410000,9281345,11480000,12400,15043,19200
MOZ,,2019,30366043,7437000,9364806,11610000,12100,15032,19500
NAM,Namibia,2000,1424450,31000,77821,156000,4,199,540
NAM,,2001,1447535,55000,102902,185000,6,263,640
NAM,,2002,1469643,33000,70395,136000,4,180,470
NAM,,2003,1491545,29000,67564,140000,3,172,480
NAM,,2004,1514266,51000,105493,204000,6,270,720
NAM,,2005,1538538,34000,65303,120000,4,167,420
NAM,,2006,1564733,41000,68176,112000,4,174,400
NAM,,2007,1592672,6400,20663,48000,0,52,160
NAM,,2008,1621934,1600,12094,33000,0,30,110
NAM,,2009,1651824,730,5557,17000,0,14,54
NAM,,2010,1681858,800,2590,6200,0,6,20
NAM,,2011,1711879,2600,3654,5400,0,9,19
NAM,,2012,1742104,2700,5860,9700,0,15,36
NAM,,2013,1772845,6400,8068,9900,0,20,37
NAM,,2014,1804531,21000,26144,32000,2,66,120
NAM,,2015,1837452,16000,19990,25000,1,51,92
NAM,,2016,1871697,33000,41397,51000,3,105,190
NAM,,2017,1907082,71000,89155,109000,7,228,410
NAM,,2018,1943338,49000,61564,76000,5,157,280
NAM,,2019,1980028,4000,5618,8000,0,14,29
NER,Niger,2000,11331561,1586000,3595465,6318000,15700,16839,18000
NER,,2001,11751364,1671000,3730842,6565000,15000,16095,17200
NER,,2002,12189988,1831000,4002009,6736000,16300,17516,18800
NER,,2003,12647983,2138000,4386636,7278000,15800,16949,18200
NER,,2004,13125914,2503000,4762231,7955000,15400,16506,17700
NER,,2005,13624474,2677000,4839989,8258000,17100,18434,19800
NER,,2006,14143969,2822000,5243632,8810000,16700,18134,19600
NER,,2007,14685404,3197000,5678542,9433000,17300,18905,20600
NER,,2008,15250913,3683000,6239080,10120000,17200,18959,20800
NER,,2009,15843131,3788000,6639919,10290000,18000,20162,22500
NER,,2010,16464025,3841000,7007707,10720000,18800,21548,24500
NER,,2011,17114770,4112000,7323097,11180000,18700,21974,25500
NER,,2012,17795209,4442000,7660985,11850000,18000,21693,25700
NER,,2013,18504287,4425000,7780901,12250000,16900,20933,25500
NER,,2014,19240182,4185000,7700900,12430000,15600,19829,24900
NER,,2015,20001663,3920000,7397212,12220000,14200,18391,23800
NER,,2016,20788789,3908000,7457829,12450000,13700,18190,24300
NER,,2017,21602388,4050000,7702777,12850000,12600,17221,23700
NER,,2018,22442831,4215000,8002454,13360000,12300,17107,24300
NER,,2019,23310719,4209000,8000000,13300000,11900,17091,25000
NGA,Nigeria,2000,122283860,40060000,51092986,64370000,166000,175386,185000
NGA,,2001,125394040,40160000,51232965,64150000,172000,181767,192000
NGA,,2002,128596072,39600000,50571638,63220000,185000,196335,208000
NGA,,2003,131900628,40080000,51393638,64600000,167000,177605,188000
NGA,,2004,135320412,41550000,53013712,66440000,185000,196331,208000
NGA,,2005,138865016,42960000,54994818,69320000,172000,182674,194000
NGA,,2006,142538312,44380000,56948598,72700000,188000,200630,213000
NGA,,2007,146339952,45870000,59085546,74600000,180000,191528,204000
NGA,,2008,150269616,48900000,61477608,76050000,163000,174447,186000
NGA,,2009,154324960,49610000,61912084,76050000,153000,163856,176000
NGA,,2010,158503176,48440000,60236996,73860000,143000,154563,166000
NGA,,2011,162805064,46080000,57801746,71650000,133000,145016,157000
NGA,,2012,167228800,43580000,54662221,68090000,126000,137828,151000
NGA,,2013,171765808,41590000,52405683,65250000,113000,125036,138000
NGA,,2014,176404944,41300000,51868071,64270000,110000,122938,138000
NGA,,2015,181137464,41500000,52542674,65410000,99300,112874,129000
NGA,,2016,185960248,43280000,54489099,67910000,91600,105422,123000
NGA,,2017,190873256,44610000,56649426,70650000,82600,96901,115000
NGA,,2018,195874688,46150000,58543031,73180000,81000,96172,117000
NGA,,2019,200963608,47820000,60959012,76840000,78500,95802,120000
RWA,Rwanda,2000,7933688,947000,2014767,3741000,4590,4813,5050
RWA,,2001,8231150,871000,1982122,3769000,4580,4779,4990
RWA,,2002,8427061,822000,1600697,3053000,4260,4435,4620
RWA,,2003,8557160,700000,1319618,2195000,4020,4173,4340
RWA,,2004,8680516,477000,1141680,1827000,3700,3841,3990
RWA,,2005,8840220,390000,1389705,2294000,3430,3557,3680
RWA,,2006,9043342,361000,1398594,2205000,3250,3367,3480
RWA,,2007,9273759,504000,840559,1260000,3140,3251,3360
RWA,,2008,9524532,423000,686028,1005000,3070,3170,3270
RWA,,2009,9782770,1008000,1547226,2168000,3010,3114,3220
RWA,,2010,10039338,748000,1079765,1425000,3020,3136,3260
RWA,,2011,10293333,291000,390705,495000,2960,3103,3260
RWA,,2012,10549668,597000,753855,917000,2930,3095,3290
RWA,,2013,10811538,1094000,1312966,1548000,2910,3088,3320
RWA,,2014,11083629,1832000,2436130,3071000,2910,3100,3370
RWA,,2015,11369066,2870000,3855678,4884000,2920,3122,3420
RWA,,2016,11668829,5045000,6832535,8714000,2940,3156,3490
RWA,,2017,11980960,6336000,8681013,11140000,2970,3209,3550
RWA,,2018,12301969,4764000,6527693,8381000,3020,3252,3640
RWA,,2019,12626938,3379000,4622960,5931000,3060,3311,3720
STP,Sao Tome and Principe,2000,142264,,31975,,,254,
STP,,2001,144760,,42086,,,248,
STP,,2002,147450,,50586,,,321,
STP,,2003,150405,,42656,,,193,
STP,,2004,153736,,46486,,,169,
STP,,2005,157472,,18139,,,85,
STP,,2006,161676,,5146,,,26,
STP,,2007,166297,,2421,,,3,
STP,,2008,171122,,6258,,,16,
STP,,2009,175877,,6182,,,23,
STP,,2010,180372,,2740,,,14,
STP,,2011,184521,,8442,,,19,
STP,,2012,188394,,10701,,,7,
STP,,2013,192076,,9243,,,11,
STP,,2014,195727,,1754,,,0,
STP,,2015,199439,,2058,,,0,
STP,,2016,203221,,2238,,,1,
STP,,2017,207086,,2239,,,1,
STP,,2018,211032,,2937,,,0,
STP,,2019,215048,,2447,,,0,
SEN,Senegal,2000,9797731,1742000,2995553,4248000,5140,5324,5520
SEN,,2001,10036102,564000,2793986,4455000,4770,4924,5090
SEN,,2002,10283694,408000,2297902,3975000,4230,4359,4480
SEN,,2003,10541470,800000,2208453,3501000,4480,4618,4760
SEN,,2004,10810086,352000,1491364,2764000,4410,4535,4670
SEN,,2005,11090123,517000,1501391,2488000,4250,4373,4490
SEN,,2006,11382272,539000,1554229,2798000,4170,4291,4410
SEN,,2007,11687078,493000,1176159,2044000,4140,4255,4370
SEN,,2008,12004700,560000,966238,1479000,4110,4226,4340
SEN,,2009,12335092,347000,617839,956000,4070,4185,4290
SEN,,2010,12678143,515000,734383,976000,4070,4178,4280
SEN,,2011,13033814,434000,617168,821000,4070,4179,4280
SEN,,2012,13401990,480000,698800,947000,4060,4169,4270
SEN,,2013,13782429,606000,852440,1138000,4060,4172,4270
SEN,,2014,14174740,402000,546707,714000,4180,4305,4430
SEN,,2015,14578450,687000,1011058,1369000,4220,4365,4510
SEN,,2016,14993514,469000,684137,927000,4250,4414,4590
SEN,,2017,15419354,558000,805710,1066000,4280,4481,4670
SEN,,2018,15854324,863000,1310853,1863000,4320,4535,4780
SEN,,2019,16296362,547000,822678,1153000,4370,4614,4880
SLE,Sierra Leone,2000,4584570,1391000,2170252,3237000,9120,9729,10400
SLE,,2001,4754069,1459000,2265075,3414000,9720,10364,11000
SLE,,2002,4965770,1486000,2311459,3428000,10400,11096,11800
SLE,,2003,5201074,1490000,2324731,3472000,11100,11806,12600
SLE,,2004,5433995,1464000,2286663,3410000,12900,13700,14600
SLE,,2005,5645629,1427000,2249940,3407000,13400,14277,15200
SLE,,2006,5829240,1340000,2222320,3437000,13800,14782,15800
SLE,,2007,5989641,1468000,2317256,3426000,14300,15356,16400
SLE,,2008,6133599,1837000,2555193,3476000,14500,15515,16600
SLE,,2009,6272735,2079000,2757047,3564000,14000,15020,16100
SLE,,2010,6415636,2194000,2843736,3611000,12900,13919,15000
SLE,,2011,6563238,2241000,2890003,3655000,11800,12704,13700
SLE,,2012,6712586,2293000,2909350,3609000,10100,10921,11800
SLE,,2013,6863975,2279000,2898201,3615000,8560,9346,10200
SLE,,2014,7017153,2245000,2874298,3614000,7700,8480,9310
SLE,,2015,7171909,2252000,2852687,3570000,7420,8250,9160
SLE,,2016,7328846,2287000,2827455,3438000,6570,7393,8300
SLE,,2017,7488427,2074000,2707562,3482000,6360,7263,8240
SLE,,2018,7650149,1900000,2684191,3646000,6090,7032,8110
SLE,,2019,7813207,1720000,2615850,3795000,5830,6852,8020
ZAF,South Africa,2000,4496771,13000,18064,26000,,424,
ZAF,,2001,4557127,,26506,,,81,
ZAF,,2002,4615091,,15649,,,96,
ZAF,,2003,4671919,,13459,,,142,
ZAF,,2004,4729161,,13399,,,88,
ZAF,,2005,4788059,,7755,,,63,
ZAF,,2006,4848946,,12098,,,87,
ZAF,,2007,4911976,,6327,,,37,
ZAF,,2008,4977946,,7796,,,43,
ZAF,,2009,5047701,,6072,,,45,
ZAF,,2010,5121696,,8060,,,83,
ZAF,,2011,5200375,,9866,,,54,
ZAF,,2012,5283266,,5629,,,72,
ZAF,,2013,5368712,,8645,,,105,
ZAF,,2014,5454418,,11705,,,174,
ZAF,,2015,5538637,,4357,,,110,
ZAF,,2016,5620764,,4323,,,34,
ZAF,,2017,5700975,,28295,,,301,
ZAF,,2018,5779251,,9540,,,0,
ZAF,,2019,5855826,,3096,,,79,
SSD,South Sudan,2000,6199396,1498000,2294495,3410000,6290,7046,7900
SSD,,2001,6447791,1512000,2346954,3484000,6180,6903,7710
SSD,,2002,6688225,1469000,2261368,3352000,5940,6625,7380
SSD,,2003,6935665,1453000,2247914,3286000,5710,6353,7060
SSD,,2004,7213354,1459000,2217717,3298000,5550,6181,6880
SSD,,2005,7535931,1508000,2315801,3423000,5270,5880,6570
SSD,,2006,7907407,1560000,2423657,3607000,5060,5671,6360
SSD,,2007,8315144,1641000,2510442,3713000,4860,5487,6190
SSD,,2008,8736932,1722000,2585000,3774000,4730,5389,6130
SSD,,2009,9142258,1710000,2618296,3842000,4500,5176,5950
SSD,,2010,9508372,1719000,2702708,4064000,4290,4978,5760
SSD,,2011,9830695,1826000,2824974,4206000,4120,4813,5620
SSD,,2012,10113648,1900000,2924759,4328000,3970,4655,5480
SSD,,2013,10355030,1914000,3000808,4516000,3940,4670,5600
SSD,,2014,10554882,1833000,3002690,4609000,4010,4878,6000
SSD,,2015,10715657,1825000,3000904,4649000,4060,5020,6360
SSD,,2016,10832520,1807000,2939565,4530000,4050,5148,6750
SSD,,2017,10910774,1795000,2961899,4640000,4070,5305,7180
SSD,,2018,10975924,1782000,2991029,4725000,4020,5320,7430
SSD,,2019,11062114,1762000,3009338,4825000,3980,5364,7730
TGO,Togo,2000,4924406,1788000,2210346,2701000,5370,5710,6060
TGO,,2001,5062571,1838000,2261268,2768000,5460,5800,6160
TGO,,2002,5197040,1883000,2323714,2839000,5820,6191,6580
TGO,,2003,5330629,1980000,2442022,2985000,5870,6246,6650
TGO,,2004,5467770,2090000,2588667,3151000,5970,6367,6780
TGO,,2005,5611643,2155000,2651401,3241000,6070,6484,6920
TGO,,2006,5762881,2118000,2637155,3242000,5970,6386,6820
TGO,,2007,5920360,2038000,2546933,3153000,5680,6092,6520
TGO,,2008,6083417,1819000,2297829,2859000,5280,5671,6080
TGO,,2009,6250840,1611000,2052756,2597000,4910,5290,5680
TGO,,2010,6421674,1561000,2000304,2520000,4550,4917,5290
TGO,,2011,6595939,1623000,2073729,2613000,4320,4692,5070
TGO,,2012,6773807,1848000,2338679,2910000,4160,4537,4930
TGO,,2013,6954721,2138000,2629386,3205000,4120,4516,4930
TGO,,2014,7137997,2202000,2705649,3305000,4340,4799,5290
TGO,,2015,7323162,2183000,2700200,3301000,4580,5116,5700
TGO,,2016,7509952,2045000,2554074,3155000,4650,5234,5890
TGO,,2017,7698476,1714000,2205398,2805000,4560,5213,5910
TGO,,2018,7889095,1464000,1932344,2525000,4450,5143,5930
TGO,,2019,8082359,1325000,1818688,2453000,4340,5096,5980
UGA,Uganda,2000,23650159,8864000,11522961,14680000,40100,42278,44500
UGA,,2001,24388974,9599000,12388974,15880000,38000,40071,42200
UGA,,2002,25167261,9609000,12587470,16040000,34600,36492,38500
UGA,,2003,25980547,9713000,12577824,16120000,32600,34366,36300
UGA,,2004,26821300,9286000,12064883,15440000,33700,35574,37600
UGA,,2005,27684590,9299000,12005292,15370000,32400,34191,36100
UGA,,2006,28571475,9288000,12037459,15350000,30000,31774,33600
UGA,,2007,29486335,9494000,12249023,15610000,27800,29426,31100
UGA,,2008,30431734,10070000,12719269,15820000,25500,26998,28600
UGA,,2009,31411096,10690000,13288506,16370000,22400,23726,25100
UGA,,2010,32428164,10570000,13277279,16390000,19300,20484,21700
UGA,,2011,33476772,10420000,13212603,16450000,16500,17515,18600
UGA,,2012,34558698,10200000,13013284,16370000,14200,15127,16000
UGA,,2013,35694516,9079000,11862873,15290000,12800,13647,14500
UGA,,2014,36911530,8090000,10862413,14320000,12400,13331,14300
UGA,,2015,38225440,6793000,9690714,13220000,12100,13149,14300
UGA,,2016,39649176,7947000,11226154,14840000,12200,13452,14900
UGA,,2017,41166588,8019000,12140161,16870000,12300,13757,15400
UGA,,2018,42729036,7357000,11224558,17940000,12000,13654,15600
UGA,,2019,44269584,7697000,11629246,18180000,11800,13631,15900
TZA,United Republic of Tanzania,2000,33499179,8683000,11514222,14770000,28800,30015,31300
TZA,,2001,34385848,8695000,11423519,14800000,27700,28864,30100
TZA,,2002,35334794,8130000,10671297,13710000,26000,27114,28200
TZA,,2003,36337778,7675000,10103304,12980000,25000,26017,27100
TZA,,2004,37379762,7158000,9453680,12140000,23400,24375,25400
TZA,,2005,38450326,6965000,9110945,11700000,21900,22859,23800
TZA,,2006,39548662,6443000,8496533,11000000,20700,21540,22400
TZA,,2007,40681414,5753000,7696476,10140000,19700,20434,21200
TZA,,2008,41853946,5038000,6868920,9134000,19100,19808,20500
TZA,,2009,43073834,4594000,6260997,8321000,18700,19421,20100
TZA,,2010,44346534,4320000,5917848,7959000,18600,19242,19900
TZA,,2011,45673516,4199000,5731836,7645000,18400,19095,19800
TZA,,2012,47053030,4245000,5747118,7629000,18400,19079,19800
TZA,,2013,48483134,4754000,6364999,8418000,19000,19842,20700
TZA,,2014,49960560,5398000,7254020,9490000,19200,20088,21100
TZA,,2015,51482634,5444000,7298719,9612000,19500,20485,21800
TZA,,2016,53049230,5127000,6901228,9126000,19600,20775,22300
TZA,,2017,54660342,4750000,6531130,8675000,19800,21160,22800
TZA,,2018,56313440,4590000,6300422,8476000,20000,21423,23400
TZA,,2019,58005458,4657000,6453096,8790000,20200,21846,24000
ZMB,Zambia,2000,10415942,3028000,4077584,5351000,8740,9150,9570
ZMB,,2001,10692197,3138000,4244872,5614000,8900,9307,9720
ZMB,,2002,10971704,3022000,4052286,5346000,8580,8965,9340
ZMB,,2003,11256740,2860000,3874121,5116000,8360,8723,9110
ZMB,,2004,11550641,2604000,3508861,4611000,7840,8171,8530
ZMB,,2005,11856244,2344000,3083423,3991000,7180,7481,7790
ZMB,,2006,12173518,2070000,2709301,3476000,6640,6905,7170
ZMB,,2007,12502958,1870000,2429271,3119000,6280,6518,6740
ZMB,,2008,12848531,1734000,2256010,2864000,6120,6339,6540
ZMB,,2009,13215142,1748000,2240349,2815000,6080,6298,6500
ZMB,,2010,13605986,1873000,2360288,2953000,6050,6270,6470
ZMB,,2011,14023199,2056000,2605359,3251000,6260,6484,6710
ZMB,,2012,14465148,2314000,2965555,3710000,6520,6776,7020
ZMB,,2013,14926551,2682000,3442318,4328000,6740,7014,7290
ZMB,,2014,15399793,2811000,3613660,4579000,7120,7439,7780
ZMB,,2015,15879370,2679000,3493518,4499000,7210,7576,7960
ZMB,,2016,16363449,2438000,3302790,4392000,7230,7636,8080
ZMB,,2017,16853608,2034000,2927778,4127000,7190,7687,8190
ZMB,,2018,17351714,1773000,2732856,4014000,7240,7793,8440
ZMB,,2019,17861034,1671000,2637628,3990000,7260,7914,8660
ZWE,Zimbabwe,2000,9355799,291000,1058634,2497000,49,2710,8340
ZWE,,2001,9389205,282000,1062414,2497000,51,2719,8370
ZWE,,2002,9413133,279000,1065122,2472000,52,2726,8460
ZWE,,2003,9435122,279000,1067610,2532000,50,2733,8490
ZWE,,2004,9464802,264000,1070968,2492000,50,2741,8240
ZWE,,2005,9509517,273000,1076028,2519000,53,2754,8340
ZWE,,2006,9571565,281000,1083049,2580000,51,2772,8610
ZWE,,2007,9650642,712000,1690025,2933000,100,4326,10400
ZWE,,2008,9747994,162000,728426,1425000,35,1864,4920
ZWE,,2009,9864069,417000,892706,1503000,58,2285,5320
ZWE,,2010,9998533,607000,1094108,1737000,75,2800,6230
ZWE,,2011,10153338,470000,717620,992000,53,1837,3720
ZWE,,2012,10327222,403000,590910,791000,44,1512,2980
ZWE,,2013,10512448,614000,861512,1129000,67,2205,4290
ZWE,,2014,10698542,804000,1090113,1393000,87,2790,5280
ZWE,,2015,10878022,719000,1062200,1443000,80,2719,5410
ZWE,,2016,11047866,494000,755066,1044000,55,1932,3940
ZWE,,2017,11210282,822000,1319214,1900000,96,3377,7010
ZWE,,2018,11369510,394000,636393,902000,45,1629,3380
ZWE,,2019,11532240,469000,782740,1123000,53,2003,4220
ARG,Argentina,2000,184353,,440,,,0,
ARG,,2001,186378,,215,,,0,
ARG,,2002,188408,,125,,,0,
ARG,,2003,190439,,122,,,1,
ARG,,2004,192459,,115,,,0,
ARG,,2005,194464,,252,,,0,
ARG,,2006,196449,,212,,,0,
ARG,,2007,198421,,387,,,0,
ARG,,2008,200400,,130,,,0,
ARG,,2009,202413,,86,,,0,
ARG,,2010,204478,,14,,,0,
ARG,,2011,206602,,0,,,0,
ARG,,2012,208775,,0,,,0,
ARG,,2013,210980,,0,,,0,
ARG,,2014,213187,,0,,,0,
ARG,,2015,215377,,0,,,0,
ARG,,2016,217542,,0,,,0,
ARG,,2017,219685,,0,,,0,
ARG,,2018,221805,,0,,,0,
ARG,,2019,223903,,0,,,0,
BLZ,Belize,2000,170643,,1486,,,0,
BLZ,,2001,175996,,1162,,,0,
BLZ,,2002,181047,,1134,,,0,
BLZ,,2003,185905,,1084,,,0,
BLZ,,2004,190796,,1068,,,1,
BLZ,,2005,195820,,1549,,,0,
BLZ,,2006,201023,,844,,,1,
BLZ,,2007,206331,,845,,,0,
BLZ,,2008,211707,,540,,,0,
BLZ,,2009,217111,,256,,,0,
BLZ,,2010,222500,,150,,,0,
BLZ,,2011,227862,,72,,,0,
BLZ,,2012,233220,,33,,,0,
BLZ,,2013,238537,,20,,,0,
BLZ,,2014,243822,,19,,,0,
BLZ,,2015,249038,,9,,,0,
BLZ,,2016,254195,,4,,,0,
BLZ,,2017,259284,,7,,,0,
BLZ,,2018,264318,,3,,,0,
BLZ,,2019,269342,,0,,,0,
BOL,Bolivia (Plurinational State of),2000,3819116,34000,45647,58000,7,24,43
BOL,,2001,3892599,17000,22330,28000,3,9,18
BOL,,2002,3966356,15000,19768,25000,3,9,16
BOL,,2003,4040303,22000,27568,34000,4,11,21
BOL,,2004,4114353,16000,20206,25000,3,9,16
BOL,,2005,4188417,29000,37189,46000,6,17,30
BOL,,2006,4262433,27000,34862,43000,5,19,33
BOL,,2007,4336376,15000,19799,24000,3,11,20
BOL,,2008,4410333,10000,13210,16000,2,7,12
BOL,,2009,4484432,10000,13379,16000,2,6,11
BOL,,2010,4558747,15000,18659,23000,2,10,18
BOL,,2011,4633309,7600,9680,12000,1,4,8
BOL,,2012,4708040,8600,10972,14000,1,4,8
BOL,,2013,4782759,8400,10804,13000,1,6,12
BOL,,2014,4857225,8600,10952,13000,1,4,8
BOL,,2015,4931271,7300,9315,11000,1,3,6
BOL,,2016,5004806,5900,7510,9200,0,2,5
BOL,,2017,5077861,4800,6195,7600,0,2,4
BOL,,2018,5150579,5700,7239,8900,0,2,4
BOL,,2019,5223148,9900,12654,16000,1,4,8
BRA,Brazil,2000,35482438,643000,760760,886000,,245,
BRA,,2001,35970799,407000,467114,533000,,142,
BRA,,2002,36446116,363000,407200,457000,,95,
BRA,,2003,36907274,425000,465651,513000,,104,
BRA,,2004,37353321,481000,516739,561000,,102,
BRA,,2005,37783803,624000,658276,706000,,123,
BRA,,2006,38197972,561000,584183,623000,,110,
BRA,,2007,38596477,478000,534516,578000,,93,
BRA,,2008,38982161,322000,335694,358000,,68,
BRA,,2009,39358958,316000,328858,351000,,85,
BRA,,2010,39729868,348000,389809,422000,,76,
BRA,,2011,40095452,273000,284024,303000,,70,
BRA,,2012,40455322,248000,258095,276000,,60,
BRA,,2013,40810285,176000,196793,213000,,40,
BRA,,2014,41161038,142000,148071,158000,,36,
BRA,,2015,41507764,154000,162341,173000,,35,
BRA,,2016,41851100,129000,134862,144000,,35,
BRA,,2017,42190269,193000,201475,215000,,34,
BRA,,2018,42522271,207000,217900,232000,,44,
BRA,,2019,42843057,169000,177967,190000,,36,
COL,Colombia,2000,8773678,154000,210720,270000,,124,
COL,,2001,8912266,246000,333024,424000,,168,
COL,,2002,9049394,218000,291432,368000,,162,
COL,,2003,9184115,192000,254224,319000,,118,
COL,,2004,9315195,151000,197464,245000,,126,
COL,,2005,9441780,129000,166899,206000,,87,
COL,,2006,9564247,127000,165418,205000,,77,
COL,,2007,9683047,136000,177615,221000,,68,
COL,,2008,9797609,86000,111811,139000,,54,
COL,,2009,9907215,84000,110555,138000,,28,
COL,,2010,10011853,125000,164479,206000,,42,
COL,,2011,10109278,64000,84072,105000,,23,
COL,,2012,10200703,64000,84176,105000,,24,
COL,,2013,10293636,55000,72310,90000,,10,
COL,,2014,10398179,43000,57024,71000,,17,
COL,,2015,10520599,51000,66603,83000,,18,
COL,,2016,10665474,88000,115550,144000,,36,
COL,,2017,10828150,56000,73861,92000,,19,
COL,,2018,10994461,71000,93468,117000,,9,
COL,,2019,11144649,91000,119302,149000,,3,
CRI,Costa Rica,2000,1386829,,1879,,,0,
CRI,,2001,1411925,,1363,,,0,
CRI,,2002,1435322,,1021,,,0,
CRI,,2003,1457418,,718,,,0,
CRI,,2004,1478804,,1289,,,0,
CRI,,2005,1499926,,3541,,,0,
CRI,,2006,1520897,,2903,,,0,
CRI,,2007,1541619,,1223,,,0,
CRI,,2008,1562093,,966,,,0,
CRI,,2009,1582258,,262,,,1,
CRI,,2010,1602079,,110,,,0,
CRI,,2011,1621580,,10,,,0,
CRI,,2012,1640801,,6,,,0,
CRI,,2013,1659738,,0,,,0,
CRI,,2014,1678386,,0,,,0,
CRI,,2015,1696731,,0,,,0,
CRI,,2016,1714767,,4,,,0,
CRI,,2017,1732484,,12,,,0,
CRI,,2018,1749805,,70,,,0,
CRI,,2019,1766646,,95,,,0,
DOM,Dominican Republic,2000,4666170,1300,1524,1800,,6,
DOM,,2001,4736280,1100,1315,1600,,17,
DOM,,2002,4805890,1400,1685,2000,,11,
DOM,,2003,4874931,1600,1983,2400,,12,
DOM,,2004,4943303,2500,3046,3600,,16,
DOM,,2005,5010953,4000,4950,5900,,16,
DOM,,2006,5077833,3700,4535,5400,,10,
DOM,,2007,5144028,2900,3478,4100,,17,
DOM,,2008,5209699,1900,2365,2800,,11,
DOM,,2009,5275057,1700,2115,2500,,14,
DOM,,2010,5340264,2600,3202,3800,,15,
DOM,,2011,5405317,1700,2088,2500,,10,
DOM,,2012,5470147,1000,1232,1500,,8,
DOM,,2013,5534763,610,751,900,,5,
DOM,,2014,5599185,480,566,650,,4,
DOM,,2015,5663352,660,779,900,,3,
DOM,,2016,5727282,720,851,990,,2,
DOM,,2017,5790831,420,491,570,,1,
DOM,,2018,5853645,640,750,870,,1,
DOM,,2019,5915232,1400,1592,1800,,4,
ECU,Ecuador,2000,369527,,104528,,,66,
ECU,,2001,376333,,108903,,,84,
ECU,,2002,383000,,86757,,,64,
ECU,,2003,389592,,52065,,,46,
ECU,,2004,396198,,28730,,,37,
ECU,,2005,402884,,17050,,,22,
ECU,,2006,409690,,9863,,,9,
ECU,,2007,416601,,8464,,,8,
ECU,,2008,423571,,4891,,,5,
ECU,,2009,430526,,4120,,,6,
ECU,,2010,437423,,1871,,,0,
ECU,,2011,444206,,1219,,,0,
ECU,,2012,450915,,544,,,0,
ECU,,2013,457715,,368,,,0,
ECU,,2014,464836,,242,,,0,
ECU,,2015,472418,,618,,,0,
ECU,,2016,480551,,1191,,,0,
ECU,,2017,489125,,1275,,,1,
ECU,,2018,497838,,1653,,,0,
ECU,,2019,506268,,1803,,,0,
SLV,El Salvador,2000,1195249,,753,,,0,
SLV,,2001,1203181,,362,,,0,
SLV,,2002,1210314,,117,,,0,
SLV,,2003,1216797,,85,,,0,
SLV,,2004,1222831,,112,,,0,
SLV,,2005,1228581,,67,,,0,
SLV,,2006,1234117,,49,,,0,
SLV,,2007,1239479,,40,,,0,
SLV,,2008,1244748,,33,,,0,
SLV,,2009,1250008,,20,,,0,
SLV,,2010,1255327,,19,,,0,
SLV,,2011,1260745,,9,,,0,
SLV,,2012,1266298,,13,,,0,
SLV,,2013,1272013,,6,,,0,
SLV,,2014,1277910,,6,,,0,
SLV,,2015,1283999,,2,,,0,
SLV,,2016,1290295,,12,,,0,
SLV,,2017,1296789,,0,,,0,
SLV,,2018,1303410,,0,,,0,
SLV,,2019,1310070,,0,,,0,
GUF,French Guiana,2000,90184,3900,4428,5300,0,8,15
GUF,,2001,94057,4000,4554,5400,0,9,16
GUF,,2002,99037,3800,4348,5200,0,7,13
GUF,,2003,103463,4000,4540,5300,0,9,16
GUF,,2004,107889,3200,3580,4200,0,7,12
GUF,,2005,112315,3600,4015,4700,0,5,9
GUF,,2006,116188,4300,4796,5600,0,5,10
GUF,,2007,119508,5000,5647,6600,0,5,9
GUF,,2008,122828,3500,3884,4500,0,4,6
GUF,,2009,126147,3600,4051,4700,0,3,7
GUF,,2010,128914,1800,2260,2900,0,4,8
GUF,,2011,131680,1300,1413,1600,0,2,4
GUF,,2012,135000,940,1054,1200,0,2,3
GUF,,2013,137766,960,1126,1300,0,2,3
GUF,,2014,141086,480,543,620,0,0,1
GUF,,2015,144406,410,462,530,,0,
GUF,,2016,148279,240,268,310,,0,
GUF,,2017,152152,610,685,790,,0,
GUF,,2018,156578,570,640,740,,0,
GUF,,2019,161004,190,226,260,,0,
GTM,Guatemala,2000,8795379,56000,63676,76000,10,27,46
GTM,,2001,9002376,37000,42680,51000,7,18,30
GTM,,2002,9216708,37000,42213,50000,7,20,33
GTM,,2003,9436861,32000,36810,43000,6,16,27
GTM,,2004,9660655,30000,34124,40000,5,14,24
GTM,,2005,9886453,41000,46537,55000,7,19,32
GTM,,2006,10113679,32000,36610,43000,5,15,25
GTM,,2007,10342650,16000,17992,21000,2,6,11
GTM,,2008,10573726,7500,8421,9800,1,3,5
GTM,,2009,10807624,7400,8285,9600,1,3,5
GTM,,2010,11044796,7800,9468,12000,1,3,6
GTM,,2011,11285142,7100,7968,9200,1,2,5
GTM,,2012,11528212,5600,6262,7200,0,2,3
GTM,,2013,11773597,6500,7282,8400,0,2,4
GTM,,2014,12020770,5900,6648,7600,0,2,4
GTM,,2015,12269280,7100,8001,9200,1,2,5
GTM,,2016,12518897,5100,5685,6600,0,2,3
GTM,,2017,12769455,3900,4388,5100,0,1,2
GTM,,2018,13020750,3200,3545,4100,0,1,2
GTM,,2019,13272607,2200,2428,2800,0,0,1
GUY,Guyana,2000,746718,28000,33628,40000,4,50,86
GUY,,2001,745206,31000,37974,46000,4,52,91
GUY,,2002,744789,25000,30656,37000,3,42,75
GUY,,2003,745142,32000,38681,46000,4,53,92
GUY,,2004,745737,33000,40416,48000,5,51,89
GUY,,2005,746156,45000,54583,65000,7,69,120
GUY,,2006,746335,24000,27629,32000,3,37,62
GUY,,2007,746477,13000,15697,18000,1,19,32
GUY,,2008,746815,14000,16365,19000,1,23,39
GUY,,2009,747718,14000,17877,22000,1,28,48
GUY,,2010,749430,26000,32823,41000,3,56,100
GUY,,2011,752029,34000,41096,49000,4,76,130
GUY,,2012,755388,36000,43584,51000,5,76,130
GUY,,2013,759281,43000,57459,79000,7,90,170
GUY,,2014,763371,17000,22310,31000,2,27,53
GUY,,2015,767433,14000,18030,25000,2,22,41
GUY,,2016,771363,2000,2638,3600,0,2,5
GUY,,2017,775218,19000,25167,34000,3,33,64
GUY,,2018,779007,23000,30769,42000,4,38,74
GUY,,2019,782775,22000,26403,31000,3,30,50
HTI,Haiti,2000,7561729,41000,72509,117000,5,185,420
HTI,,2001,7691283,42000,73751,119000,5,188,430
HTI,,2002,7821130,43000,74996,122000,5,191,440
HTI,,2003,7951534,44000,76247,123000,5,195,440
HTI,,2004,8082844,45000,77506,125000,5,198,450
HTI,,2005,8215255,46000,78775,128000,5,201,460
HTI,,2006,8348816,47000,81199,129000,5,207,460
HTI,,2007,8483323,43000,73292,114000,5,187,410
HTI,,2008,8618438,53000,89554,140000,6,229,510
HTI,,2009,8753770,48000,83939,135000,5,214,490
HTI,,2010,8888919,49000,85235,137000,6,218,500
HTI,,2011,9023827,50000,81483,126000,5,208,460
HTI,,2012,9158378,37000,59798,93000,4,153,340
HTI,,2013,9292168,30000,49387,77000,3,126,280
HTI,,2014,9424693,22000,32932,45000,2,84,170
HTI,,2015,9555609,22000,32829,44000,2,84,170
HTI,,2016,9684651,26000,38506,52000,2,98,200
HTI,,2017,9811866,19000,28964,39000,2,74,150
HTI,,2018,9937674,8500,12822,17000,0,32,65
HTI,,2019,10062660,9600,14412,19000,1,36,73
HND,Honduras,2000,5955191,38000,51498,66000,8,23,41
HND,,2001,6115881,26000,35405,45000,5,15,28
HND,,2002,6276530,18000,25251,32000,3,11,19
HND,,2003,6436907,15000,20618,26000,3,9,16
HND,,2004,6596898,18000,25120,32000,4,11,21
HND,,2005,6756345,17000,23374,30000,3,11,20
HND,,2006,6915144,13000,17253,22000,2,8,15
HND,,2007,7072957,11000,14960,19000,2,7,13
HND,,2008,7229149,8900,11741,15000,2,6,10
HND,,2009,7382976,9900,12889,16000,1,8,15
HND,,2010,7533961,10000,13306,16000,2,7,13
HND,,2011,7681790,8000,10124,12000,1,5,8
HND,,2012,7826738,6800,8677,11000,1,4,7
HND,,2013,7969703,5700,7317,9000,1,5,10
HND,,2014,8111963,3600,4553,5600,0,3,5
HND,,2015,8254468,3800,4819,5900,0,4,7
HND,,2016,8397485,4300,5521,6800,0,5,10
HND,,2017,8540802,1400,1733,2100,0,0,1
HND,,2018,8684378,1000,1298,1600,,0,
HND,,2019,8828030,350,444,540,,0,
MEX,Mexico,2000,2096676,,7390,,,0,
MEX,,2001,2126320,,4996,,,0,
MEX,,2002,2155717,,4624,,,0,
MEX,,2003,2185317,,3819,,,0,
MEX,,2004,2215716,,3406,,,0,
MEX,,2005,2247310,,2967,,,0,
MEX,,2006,2280275,,2514,,,0,
MEX,,2007,2314414,,2361,,,0,
MEX,,2008,2349283,,2357,,,0,
MEX,,2009,2384234,,2703,,,0,
MEX,,2010,2418771,,1226,,,0,
MEX,,2011,2452743,,1124,,,0,
MEX,,2012,2486212,,833,,,0,
MEX,,2013,2519135,,495,,,0,
MEX,,2014,2551528,,656,,,0,
MEX,,2015,2583394,,517,,,0,
MEX,,2016,2614667,,551,,,1,
MEX,,2017,2645279,,736,,,0,
MEX,,2018,2675244,,803,,,1,
MEX,,2019,2704601,,618,,,0,
NIC,Nicaragua,2000,2212753,25000,29953,35000,,4,
NIC,,2001,2245952,11000,13275,16000,,2,
NIC,,2002,2278234,8100,9745,12000,,8,
NIC,,2003,2310008,7100,8507,10000,,7,
NIC,,2004,2341791,7300,8735,10000,,1,
NIC,,2005,2373989,7000,8412,9900,,6,
NIC,,2006,2406754,3300,3943,4700,,1,
NIC,,2007,2440063,1400,1717,2000,,0,
NIC,,2008,2473835,800,965,1100,,0,
NIC,,2009,2507927,640,772,910,,0,
NIC,,2010,2542201,730,876,1000,,1,
NIC,,2011,2576674,970,1171,1400,,1,
NIC,,2012,2611374,1300,1564,1800,,2,
NIC,,2013,2646264,1200,1471,1700,,0,
NIC,,2014,2681303,1200,1446,1700,,0,
NIC,,2015,2716441,2400,2886,3400,,1,
NIC,,2016,2751682,6600,7943,9400,,2,
NIC,,2017,2786983,12000,13866,16000,,1,
NIC,,2018,2822191,17000,20158,24000,,0,
NIC,,2019,2857112,14000,16717,20000,,0,
PAN,Panama,2000,2931635,1000,1091,1200,,1,
PAN,,2001,2989011,940,977,1000,,1,
PAN,,2002,3046625,2300,2363,2500,,2,
PAN,,2003,3104537,4600,4739,5100,,4,
PAN,,2004,3162873,5200,5365,5700,,2,
PAN,,2005,3221756,3700,3861,4100,,1,
PAN,,2006,3281206,1700,1751,1900,,1,
PAN,,2007,3341184,1300,1349,1400,,1,
PAN,,2008,3401681,750,783,830,,1,
PAN,,2009,3462639,790,819,870,,0,
PAN,,2010,3524048,420,440,470,,1,
PAN,,2011,3585758,360,372,400,,0,
PAN,,2012,3647825,860,888,950,,1,
PAN,,2013,3710526,720,751,800,,0,
PAN,,2014,3774245,960,1007,1100,,0,
PAN,,2015,3839236,550,575,610,,0,
PAN,,2016,3905585,780,809,860,,0,
PAN,,2017,3973006,760,801,860,,0,
PAN,,2018,4040827,750,786,840,,0,
PAN,,2019,4108133,1500,1578,1700,,0,
PRY,Paraguay,2000,191635,,6853,,,0,
PRY,,2001,195423,,2710,,,0,
PRY,,2002,199150,,2778,,,0,
PRY,,2003,202787,,1392,,,0,
PRY,,2004,206300,,694,,,0,
PRY,,2005,209667,,376,,,0,
PRY,,2006,212875,,823,,,0,
PRY,,2007,215943,,1341,,,0,
PRY,,2008,218926,,348,,,0,
PRY,,2009,221902,,91,,,0,
PRY,,2010,224928,,18,,,0,
PRY,,2011,228023,,1,,,0,
PRY,,2012,231174,,0,,,0,
PRY,,2013,234369,,0,,,0,
PRY,,2014,237582,,0,,,0,
PRY,,2015,240794,,0,,,0,
PRY,,2016,244003,,0,,,0,
PRY,,2017,247214,,0,,,0,
PRY,,2018,250418,,0,,,0,
PRY,,2019,253607,,0,,,0,
PER,Peru,2000,10392407,72000,94271,117000,14,96,170
PER,,2001,10525688,83000,105067,128000,16,89,160
PER,,2002,10644174,105000,128960,154000,20,108,180
PER,,2003,10750711,93000,111816,132000,17,95,160
PER,,2004,10849691,98000,115387,133000,18,98,160
PER,,2005,10944705,92000,108134,125000,17,80,130
PER,,2006,11037363,68000,80054,93000,13,52,85
PER,,2007,11128088,53000,62633,73000,10,43,71
PER,,2008,11218137,47000,54608,63000,8,34,56
PER,,2009,11308606,45000,52035,60000,8,31,51
PER,,2010,11400911,33000,37847,43000,6,20,32
PER,,2011,11493851,26000,30924,36000,4,19,31
PER,,2012,11589086,33000,40437,48000,6,24,41
PER,,2013,11694030,51000,62669,75000,10,45,76
PER,,2014,11818294,69000,83936,100000,14,60,100
PER,,2015,11967687,77000,93936,113000,15,76,130
PER,,2016,12146509,60000,72836,86000,10,69,120
PER,,2017,12350062,59000,72518,86000,10,64,110
PER,,2018,12564103,48000,58455,70000,9,48,80
PER,,2019,12768809,33000,45729,64000,6,35,66
SUR,Suriname,2000,69558,,11361,,,24,
SUR,,2001,70389,,16003,,,23,
SUR,,2002,71225,,12837,,,15,
SUR,,2003,72068,,10982,,,18,
SUR,,2004,72916,,8378,,,7,
SUR,,2005,73770,,9131,,,1,
SUR,,2006,74631,,3289,,,1,
SUR,,2007,75501,,1741,,,1,
SUR,,2008,76378,,2709,,,0,
SUR,,2009,77263,,2380,,,0,
SUR,,2010,78151,,1712,,,1,
SUR,,2011,79045,,771,,,1,
SUR,,2012,79942,,356,,,0,
SUR,,2013,80835,,729,,,1,
SUR,,2014,81719,,401,,,1,
SUR,,2015,82584,,81,,,0,
SUR,,2016,83433,,76,,,0,
SUR,,2017,84262,,40,,,1,
SUR,,2018,85073,,29,,,0,
SUR,,2019,85867,,95,,,0,
VEN,Venezuela (Bolivarian Republic of),2000,12096224,31000,35530,42000,5,26,44
VEN,,2001,12323235,21000,23843,28000,3,15,25
VEN,,2002,12550203,31000,35041,41000,5,19,31
VEN,,2003,12775812,33000,37524,44000,5,27,45
VEN,,2004,12998297,49000,55005,65000,8,30,50
VEN,,2005,13216222,47000,52999,62000,8,34,55
VEN,,2006,13425095,39000,43654,51000,6,33,53
VEN,,2007,13623800,44000,48852,57000,7,37,61
VEN,,2008,13817913,33000,37496,44000,5,26,43
VEN,,2009,14015505,37000,41943,49000,6,36,58
VEN,,2010,14219971,48000,57926,73000,8,53,91
VEN,,2011,14443936,48000,53584,62000,8,47,76
VEN,,2012,14680413,55000,61873,72000,9,56,92
VEN,,2013,14890523,82000,92159,106000,13,104,170
VEN,,2014,15021486,95000,106079,122000,16,110,180
VEN,,2015,15040913,142000,159661,184000,25,150,240
VEN,,2016,14925624,251000,281897,327000,44,261,420
VEN,,2017,14701240,429000,482617,556000,79,424,690
VEN,,2018,14443558,423000,475212,547000,82,426,690
VEN,,2019,14257914,415000,467421,538000,75,403,650
AFG,Afghanistan,2000,16017398,846000,1319942,2044000,220,971,2030
AFG,,2001,16654885,852000,1319942,2015000,220,971,2010
AFG,,2002,17420902,913000,1391183,2098000,220,1141,2220
AFG,,2003,18253452,819000,1248701,1910000,210,801,1560
AFG,,2004,19059579,481000,717358,1076000,120,351,680
AFG,,2005,19774570,313000,535476,866000,89,259,520
AFG,,2006,20374865,225000,418218,717000,64,222,460
AFG,,2007,20889368,237000,452625,785000,69,236,500
AFG,,2008,21368611,199000,381132,668000,57,187,400
AFG,,2009,21887000,149000,274469,455000,44,139,290
AFG,,2010,22496483,165000,290333,460000,49,164,320
AFG,,2011,23214801,198000,362321,571000,57,192,380
AFG,,2012,24019501,122000,220650,354000,29,92,190
AFG,,2013,24873724,109000,181194,283000,28,84,170
AFG,,2014,25722550,174000,254108,360000,42,121,220
AFG,,2015,26526347,231000,354933,512000,59,167,310
AFG,,2016,27273591,451000,641459,883000,110,306,550
AFG,,2017,27977406,437000,574672,737000,100,271,470
AFG,,2018,28652489,495000,646248,824000,110,297,520
AFG,,2019,29322964,328000,424653,539000,66,175,310
DJI,Djibouti,2000,538125,1400,1832,2300,0,0,1
DJI,,2001,549705,1400,1872,2300,0,0,1
DJI,,2002,560150,1500,1907,2300,0,0,1
DJI,,2003,569668,1500,1940,2400,0,0,1
DJI,,2004,578637,1500,1970,2400,0,0,1
DJI,,2005,587373,1500,2000,2500,0,0,1
DJI,,2006,595851,1600,2029,2500,0,0,1
DJI,,2007,604027,1600,2057,2500,0,0,1
DJI,,2008,612205,1600,2084,2600,0,0,1
DJI,,2009,620798,,2686,,0,1,1
DJI,,2010,630077,,1010,,0,2,4
DJI,,2011,640184,1700,2180,2700,0,0,1
DJI,,2012,651032,1700,2217,2700,0,0,1
DJI,,2013,662401,,1684,,0,0,1
DJI,,2014,673958,,9439,,1,3,5
DJI,,2015,685425,,9473,,0,24,37
DJI,,2016,696763,,13804,,1,30,48
DJI,,2017,707999,,14671,,1,24,38
DJI,,2018,719115,,25319,,2,44,69
DJI,,2019,730089,,49402,,5,97,150
EGY,Egypt,2000,68831561,,0,,,0,
EGY,,2001,70152662,,0,,,0,
EGY,,2002,71485044,,0,,,0,
EGY,,2003,72826102,,0,,,0,
EGY,,2004,74172073,,0,,,0,
EGY,,2005,75523576,,0,,,0,
EGY,,2006,76873670,,0,,,0,
EGY,,2007,78232124,,0,,,0,
EGY,,2008,79636081,,0,,,0,
EGY,,2009,81134789,,0,,,0,
EGY,,2010,82761244,,0,,,0,
EGY,,2011,84529251,,0,,,0,
EGY,,2012,86422240,,0,,,0,
EGY,,2013,88404652,,0,,,0,
EGY,,2014,90424668,,0,,,0,
EGY,,2015,92442549,,0,,,0,
EGY,,2016,94447071,,0,,,0,
EGY,,2017,96442590,,0,,,0,
EGY,,2018,98423602,,0,,,0,
EGY,,2019,100388076,,0,,,0,
IRN,Iran (Islamic Republic of),2000,670014,,19716,,,4,
IRN,,2001,678445,,19303,,,2,
IRN,,2002,686977,,15558,,,2,
IRN,,2003,695535,,23562,,,5,
IRN,,2004,703992,,13821,,,1,
IRN,,2005,712273,,18966,,,1,
IRN,,2006,720364,,15909,,,1,
IRN,,2007,728345,,15712,,,3,
IRN,,2008,736351,,8349,,,3,
IRN,,2009,744562,,4345,,,0,
IRN,,2010,753115,,1847,,,0,
IRN,,2011,762022,,1632,,,0,
IRN,,2012,771262,,756,,,0,
IRN,,2013,780880,,479,,,0,
IRN,,2014,790925,,358,,,0,
IRN,,2015,801405,,167,,,1,
IRN,,2016,812348,,81,,,0,
IRN,,2017,823680,,60,,,1,
IRN,,2018,835180,,0,,,0,
IRN,,2019,846550,,0,,,0,
IRQ,Iraq,2000,3054686,,1860,,,0,
IRQ,,2001,3147063,,1265,,,0,
IRQ,,2002,3241149,,952,,,0,
IRQ,,2003,3333785,,288,,,0,
IRQ,,2004,3420798,,148,,,0,
IRQ,,2005,3499896,,44,,,0,
IRQ,,2006,3568256,,23,,,0,
IRQ,,2007,3628461,,2,,,0,
IRQ,,2008,3690146,,2,,,0,
IRQ,,2009,3766510,,0,,,0,
IRQ,,2010,3866457,,0,,,0,
IRQ,,2011,3994289,,0,,,0,
IRQ,,2012,4145701,,0,,,0,
IRQ,,2013,4310417,,0,,,0,
IRQ,,2014,4473553,,0,,,0,
IRQ,,2015,4624394,,0,,,0,
IRQ,,2016,4759382,,0,,,0,
IRQ,,2017,4881862,,0,,,0,
IRQ,,2018,4996368,,0,,,0,
IRQ,,2019,5110272,,0,,,0,
MAR,Morocco,2000,28793672,,3,,,0,
MAR,,2001,29126323,,0,,,0,
MAR,,2002,29454765,,19,,,0,
MAR,,2003,29782884,,4,,,0,
MAR,,2004,30115196,,1,,,0,
MAR,,2005,30455563,,0,,,0,
MAR,,2006,30804689,,0,,,0,
MAR,,2007,31163670,,0,,,0,
MAR,,2008,31536807,,0,,,0,
MAR,,2009,31929087,,0,,,0,
MAR,,2010,32343384,,0,,,0,
MAR,,2011,32781860,,0,,,0,
MAR,,2012,33241898,,0,,,0,
MAR,,2013,33715704,,0,,,0,
MAR,,2014,34192360,,0,,,0,
MAR,,2015,34663608,,0,,,0,
MAR,,2016,35126276,,0,,,0,
MAR,,2017,35581260,,0,,,0,
MAR,,2018,36029088,,0,,,0,
MAR,,2019,36471768,,0,,,0,
OMN,Oman,2000,2267973,,6,,,0,
OMN,,2001,2294959,,2,,,0,
OMN,,2002,2334860,,0,,,0,
OMN,,2003,2386164,,0,,,0,
OMN,,2004,2445524,,0,,,0,
OMN,,2005,2511254,,0,,,0,
OMN,,2006,2580753,,0,,,0,
OMN,,2007,2657162,,0,,,0,
OMN,,2008,2750956,,0,,,0,
OMN,,2009,2876186,,0,,,0,
OMN,,2010,3041435,,7,,,0,
OMN,,2011,3251102,,0,,,0,
OMN,,2012,3498031,,0,,,0,
OMN,,2013,3764805,,0,,,0,
OMN,,2014,4027255,,0,,,0,
OMN,,2015,4267341,,0,,,0,
OMN,,2016,4479217,,0,,,0,
OMN,,2017,4665926,,0,,,0,
OMN,,2018,4829476,,0,,,0,
OMN,,2019,4974992,,0,,,0,
PAK,Pakistan,2000,139939408,357000,929292,2197000,120,995,2930
PAK,,2001,143512840,426000,1037774,2400000,130,1144,3290
PAK,,2002,147023801,352000,966325,2409000,110,1001,3040
PAK,,2003,150507621,392000,924733,2215000,120,991,2940
PAK,,2004,154018597,384000,683580,1330000,100,643,1570
PAK,,2005,157596481,378000,845170,1932000,110,923,2630
PAK,,2006,161252281,355000,851104,2027000,110,882,2610
PAK,,2007,164973809,350000,835398,2063000,100,879,2620
PAK,,2008,168749848,282000,763800,1952000,94,679,2130
PAK,,2009,172560988,443000,1015691,2324000,130,1000,2780
PAK,,2010,176394157,641000,1445704,3044000,190,1616,4270
PAK,,2011,180243576,921000,1905938,3705000,270,1814,4430
PAK,,2012,184116966,785000,1652576,3349000,240,1703,4300
PAK,,2013,188030412,749000,1419225,2774000,220,1047,2420
PAK,,2014,192006322,723000,1373305,2684000,220,897,2130
PAK,,2015,196058630,523000,992598,2031000,150,780,1980
PAK,,2016,200192018,822000,1221807,2012000,200,1005,2070
PAK,,2017,204394687,739000,1007334,1477000,170,789,1500
PAK,,2018,208643736,750000,957848,1307000,170,693,1230
PAK,,2019,212907531,561000,707396,949000,120,587,1030
SAU,Saudi Arabia,2000,1655380,,6608,,,0,
SAU,,2001,1698543,,3074,,,0,
SAU,,2002,1746824,,2612,,,0,
SAU,,2003,1799001,,1724,,,0,
SAU,,2004,1853159,,1232,,,0,
SAU,,2005,1907913,,1059,,,0,
SAU,,2006,1962559,,1278,,,0,
SAU,,2007,2017537,,467,,,0,
SAU,,2008,2073930,,61,,,0,
SAU,,2009,2133353,,58,,,0,
SAU,,2010,2196733,,29,,,0,
SAU,,2011,2264516,,69,,,0,
SAU,,2012,2335599,,82,,,0,
SAU,,2013,2407470,,34,,,0,
SAU,,2014,2476728,,30,,,0,
SAU,,2015,2540903,,83,,,0,
SAU,,2016,2599044,,272,,,0,
SAU,,2017,2651735,,177,,,0,
SAU,,2018,2699927,,61,,,0,
SAU,,2019,2745252,,38,,,0,
SOM,Somalia,2000,8872250,546000,1114212,2129000,71,2852,8050
SOM,,2001,9186719,566000,1157164,2210000,74,2962,8350
SOM,,2002,9501335,605000,1198956,2078000,77,3069,7900
SOM,,2003,9815412,647000,1187649,2006000,82,3040,7600
SOM,,2004,10130251,706000,1215543,1860000,83,3111,7070
SOM,,2005,10446856,885000,1426667,2099000,100,3652,7990
SOM,,2006,10763904,801000,1292397,1920000,91,3308,7310
SOM,,2007,11080122,674000,1114252,1665000,79,2852,6330
SOM,,2008,11397188,435000,719155,1071000,50,1841,4070
SOM,,2009,11717691,273000,450388,653000,31,1152,2480
SOM,,2010,12043886,315000,526000,777000,36,1347,2960
SOM,,2011,12376305,264000,441000,646000,30,1128,2460
SOM,,2012,12715487,274000,454000,665000,31,1162,2520
SOM,,2013,13063711,331000,546000,813000,37,1396,3090
SOM,,2014,13423571,395000,640000,952000,45,1639,3630
SOM,,2015,13797204,451000,769000,1152000,53,1969,4390
SOM,,2016,14185635,471000,795000,1191000,54,2034,4530
SOM,,2017,14589165,479000,813000,1221000,54,2081,4640
SOM,,2018,15008225,459000,772000,1158000,53,1977,4410
SOM,,2019,15442906,449000,759000,1136000,52,1942,4300
SDN,Sudan,2000,27275019,1571000,2574538,3970000,210,6309,13400
SDN,,2001,27971077,1514000,2484963,3832000,200,6089,13000
SDN,,2002,28704786,1164000,1926916,2995000,160,4722,10300
SDN,,2003,29460517,1101000,1814162,2809000,150,4446,9460
SDN,,2004,30214189,1030000,1679202,2588000,140,4114,8810
SDN,,2005,30949514,1042000,1700355,2631000,140,4166,8800
SDN,,2006,31661824,1056000,1673314,2538000,140,4100,8600
SDN,,2007,32360619,1003000,1510104,2180000,130,3700,7500
SDN,,2008,33060844,914000,1270179,1716000,120,3112,6010
SDN,,2009,33783778,847000,1145814,1514000,110,2807,5260
SDN,,2010,34545012,820000,1113206,1474000,100,2727,5210
SDN,,2011,35349672,833000,1125082,1485000,100,2757,5200
SDN,,2012,36193786,853000,1145417,1499000,110,2806,5330
SDN,,2013,37072560,871000,1215512,1664000,110,2978,5770
SDN,,2014,37977658,910000,1346675,1914000,120,3300,6620
SDN,,2015,38902948,956000,1483867,2209000,130,3635,7550
SDN,,2016,39847432,1123000,1874654,2974000,180,4047,8840
SDN,,2017,40813400,981000,1881935,3236000,150,4484,10500
SDN,,2018,41801530,1057000,2141738,3906000,170,5068,12300
SDN,,2019,42813236,1131000,2373025,4383000,180,5614,13500
SYR,Syrian Arab Republic,2000,16410847,,6,,,0,
SYR,,2001,16766555,,63,,,0,
SYR,,2002,17084628,,15,,,0,
SYR,,2003,17415214,,2,,,0,
SYR,,2004,17827827,,1,,,0,
SYR,,2005,18361178,,0,,,0,
SYR,,2006,19059257,,0,,,0,
SYR,,2007,19878257,,0,,,0,
SYR,,2008,20664037,,0,,,0,
SYR,,2009,21205873,,0,,,0,
SYR,,2010,21362541,,0,,,0,
SYR,,2011,21081814,,0,,,0,
SYR,,2012,20438861,,0,,,0,
SYR,,2013,19578466,,0,,,0,
SYR,,2014,18710711,,0,,,0,
SYR,,2015,17997411,,0,,,0,
SYR,,2016,17465567,,0,,,0,
SYR,,2017,17095669,,0,,,0,
SYR,,2018,16945062,,0,,,0,
SYR,,2019,17070132,,0,,,0,
ARE,United Arab Emirates,2000,3134067,,0,,,0,
ARE,,2001,3302722,,0,,,0,
ARE,,2002,3478769,,0,,,0,
ARE,,2003,3711931,,0,,,0,
ARE,,2004,4068577,,0,,,0,
ARE,,2005,4588222,,0,,,0,
ARE,,2006,5300172,,0,,,0,
ARE,,2007,6168846,,0,,,0,
ARE,,2008,7089486,,0,,,0,
ARE,,2009,7917368,,0,,,0,
ARE,,2010,8549998,,0,,,0,
ARE,,2011,8946778,,0,,,0,
ARE,,2012,9141598,,0,,,0,
ARE,,2013,9197908,,0,,,0,
ARE,,2014,9214182,,0,,,0,
ARE,,2015,9262896,,0,,,0,
ARE,,2016,9360975,,0,,,0,
ARE,,2017,9487206,,0,,,0,
ARE,,2018,9630966,,0,,,0,
ARE,,2019,9770526,,0,,,0,
YEM,Yemen,2000,11223976,457000,1054899,4549000,38,1353,3610
YEM,,2001,11552330,516000,1177522,5454000,43,1511,3960
YEM,,2002,11891011,619000,1307376,5515000,48,1683,4170
YEM,,2003,12240009,503000,1188463,5488000,41,1519,4140
YEM,,2004,12597890,440000,956175,4254000,35,1225,3200
YEM,,2005,12963653,438000,1002805,4736000,37,1279,3530
YEM,,2006,13337740,537000,1201840,5501000,44,1552,4230
YEM,,2007,13721262,433000,852418,1876000,63,2117,6080
YEM,,2008,14114306,275000,539902,1226000,37,1361,3980
YEM,,2009,14516814,359000,701964,1653000,47,1779,5400
YEM,,2010,14928397,645000,1131912,2204000,83,2866,7380
YEM,,2011,15349226,496000,792769,1318000,60,2015,4610
YEM,,2012,15778346,577000,860964,1305000,67,2197,4660
YEM,,2013,16212846,490000,700431,1011000,55,1786,3710
YEM,,2014,16648919,414000,587293,844000,46,1498,3070
YEM,,2015,17083713,361000,513815,737000,41,1309,2710
YEM,,2016,17515888,467000,661254,953000,53,1680,3470
YEM,,2017,17945659,527000,747173,1072000,61,1885,3900
YEM,,2018,18373670,589000,846605,1232000,56,1704,3200
YEM,,2019,18801274,610000,872414,1259000,58,1719,3180
ARM,Armenia,2000,3069597,,141,,,0,
ARM,,2001,3050686,,79,,,0,
ARM,,2002,3033976,,52,,,0,
ARM,,2003,3017938,,29,,,0,
ARM,,2004,3000715,,47,,,0,
ARM,,2005,2981262,,7,,,0,
ARM,,2006,2958301,,0,,,0,
ARM,,2007,2932615,,0,,,0,
ARM,,2008,2907615,,0,,,0,
ARM,,2009,2888094,,0,,,0,
ARM,,2010,2877314,,0,,,0,
ARM,,2011,2876536,,0,,,0,
ARM,,2012,2884239,,0,,,0,
ARM,,2013,2897593,,0,,,0,
ARM,,2014,2912403,,0,,,0,
ARM,,2015,2925559,,0,,,0,
ARM,,2016,2936147,,0,,,0,
ARM,,2017,2944789,,0,,,0,
ARM,,2018,2951741,,0,,,0,
ARM,,2019,2957728,,0,,,0,
AZE,Azerbaijan,2000,186823,,1526,,,0,
AZE,,2001,188537,,1058,,,0,
AZE,,2002,190372,,506,,,0,
AZE,,2003,192312,,482,,,0,
AZE,,2004,194325,,386,,,0,
AZE,,2005,196388,,242,,,0,
AZE,,2006,198493,,143,,,0,
AZE,,2007,200657,,108,,,0,
AZE,,2008,202902,,72,,,0,
AZE,,2009,205260,,78,,,0,
AZE,,2010,207746,,50,,,0,
AZE,,2011,210364,,4,,,0,
AZE,,2012,213087,,3,,,0,
AZE,,2013,215865,,0,,,0,
AZE,,2014,218629,,0,,,0,
AZE,,2015,221323,,0,,,0,
AZE,,2016,223928,,0,,,0,
AZE,,2017,226442,,0,,,0,
AZE,,2018,228839,,0,,,0,
AZE,,2019,231097,,0,,,0,
GEO,Georgia,2000,43621,,245,,,0,
GEO,,2001,42969,,438,,,0,
GEO,,2002,42585,,474,,,0,
GEO,,2003,42389,,316,,,0,
GEO,,2004,42258,,257,,,0,
GEO,,2005,42101,,155,,,0,
GEO,,2006,41897,,59,,,0,
GEO,,2007,41668,,24,,,0,
GEO,,2008,41426,,6,,,0,
GEO,,2009,41194,,1,,,0,
GEO,,2010,40990,,0,,,0,
GEO,,2011,40810,,0,,,0,
GEO,,2012,40640,,0,,,0,
GEO,,2013,40487,,0,,,0,
GEO,,2014,40353,,0,,,0,
GEO,,2015,40241,,0,,,0,
GEO,,2016,40154,,0,,,0,
GEO,,2017,40087,,0,,,0,
GEO,,2018,40029,,0,,,0,
GEO,,2019,39967,,0,,,0,
KAZ,Kazakhstan,2000,14922724,,0,,,0,
KAZ,,2001,14910207,,0,,,0,
KAZ,,2002,14976184,,0,,,0,
KAZ,,2003,15100045,,0,,,0,
KAZ,,2004,15250016,,0,,,0,
KAZ,,2005,15402803,,0,,,0,
KAZ,,2006,15551263,,0,,,0,
KAZ,,2007,15702112,,0,,,0,
KAZ,,2008,15862126,,0,,,0,
KAZ,,2009,16043015,,0,,,0,
KAZ,,2010,16252273,,0,,,0,
KAZ,,2011,16490669,,0,,,0,
KAZ,,2012,16751523,,0,,,0,
KAZ,,2013,17026118,,0,,,0,
KAZ,,2014,17302619,,0,,,0,
KAZ,,2015,17572010,,0,,,0,
KAZ,,2016,17830902,,0,,,0,
KAZ,,2017,18080023,,0,,,0,
KAZ,,2018,18319616,,0,,,0,
KAZ,,2019,18551428,,0,,,0,
KGZ,Kyrgyzstan,2000,3838155,,12,,,0,
KGZ,,2001,3871014,,28,,,0,
KGZ,,2002,3893352,,2743,,,0,
KGZ,,2003,3910559,,468,,,0,
KGZ,,2004,3930416,,93,,,0,
KGZ,,2005,3958765,,226,,,0,
KGZ,,2006,3997015,,317,,,0,
KGZ,,2007,4043819,,96,,,0,
KGZ,,2008,4098875,,18,,,0,
KGZ,,2009,4161072,,4,,,0,
KGZ,,2010,4229392,,3,,,0,
KGZ,,2011,4303983,,0,,,0,
KGZ,,2012,4384834,,0,,,0,
KGZ,,2013,4470423,,0,,,0,
KGZ,,2014,4558726,,0,,,0,
KGZ,,2015,4648118,,0,,,0,
KGZ,,2016,4737975,,0,,,0,
KGZ,,2017,4827987,,0,,,0,
KGZ,,2018,4917139,,0,,,0,
KGZ,,2019,5004363,,0,,,0,
TJK,Tajikistan,2000,2076253,,19064,,,0,
TJK,,2001,2110382,,11387,,,0,
TJK,,2002,2146571,,6160,,,0,
TJK,,2003,2184877,,5428,,,0,
TJK,,2004,2225238,,3588,,,0,
TJK,,2005,2267632,,2309,,,0,
TJK,,2006,2312145,,1344,,,0,
TJK,,2007,2358930,,635,,,0,
TJK,,2008,2408114,,318,,,0,
TJK,,2009,2459827,,164,,,0,
TJK,,2010,2514150,,111,,,0,
TJK,,2011,2570967,,65,,,0,
TJK,,2012,2630195,,18,,,0,
TJK,,2013,2691967,,3,,,0,
TJK,,2014,2756444,,2,,,0,
TJK,,2015,2823642,,0,,,0,
TJK,,2016,2893634,,0,,,0,
TJK,,2017,2966010,,0,,,0,
TJK,,2018,3039682,,0,,,0,
TJK,,2019,3113221,,0,,,0,
TUR,Turkey,2000,4110612,,11432,,,0,
TUR,,2001,4172495,,10812,,,0,
TUR,,2002,4234448,,10224,,,0,
TUR,,2003,4295811,,9222,,,0,
TUR,,2004,4355710,,5302,,,0,
TUR,,2005,4413725,,2084,,,0,
TUR,,2006,4469192,,796,,,0,
TUR,,2007,4522820,,313,,,0,
TUR,,2008,4577210,,166,,,0,
TUR,,2009,4635891,,38,,,0,
TUR,,2010,4701254,,0,,,0,
TUR,,2011,4773811,,0,,,0,
TUR,,2012,4852318,,0,,,0,
TUR,,2013,4935154,,0,,,0,
TUR,,2014,5019902,,0,,,0,
TUR,,2015,5104412,,0,,,0,
TUR,,2016,5188811,,0,,,0,
TUR,,2017,5272570,,0,,,0,
TUR,,2018,5352105,,0,,,0,
TUR,,2019,5422923,,0,,,0,
TKM,Turkmenistan,2000,293548,,24,,,0,
TKM,,2001,296665,,8,,,0,
TKM,,2002,299651,,18,,,0,
TKM,,2003,302623,,7,,,0,
TKM,,2004,305720,,3,,,0,
TKM,,2005,309052,,1,,,0,
TKM,,2006,312657,,1,,,0,
TKM,,2007,316559,,0,,,0,
TKM,,2008,320824,,0,,,0,
TKM,,2009,325516,,0,,,0,
TKM,,2010,330668,,0,,,0,
TKM,,2011,336314,,0,,,0,
TKM,,2012,342413,,0,,,0,
TKM,,2013,348814,,0,,,0,
TKM,,2014,355311,,0,,,0,
TKM,,2015,361743,,0,,,0,
TKM,,2016,368054,,0,,,0,
TKM,,2017,374248,,0,,,0,
TKM,,2018,380308,,0,,,0,
TKM,,2019,386236,,0,,,0,
UZB,Uzbekistan,2000,24769,,126,,,0,
UZB,,2001,25108,,77,,,0,
UZB,,2002,25431,,74,,,0,
UZB,,2003,25749,,74,,,0,
UZB,,2004,26077,,66,,,0,
UZB,,2005,26427,,102,,,0,
UZB,,2006,26804,,73,,,0,
UZB,,2007,27204,,30,,,0,
UZB,,2008,27626,,7,,,0,
UZB,,2009,28065,,0,,,0,
UZB,,2010,28515,,3,,,0,
UZB,,2011,28977,,0,,,0,
UZB,,2012,29449,,0,,,0,
UZB,,2013,29932,,0,,,0,
UZB,,2014,30426,,0,,,0,
UZB,,2015,30929,,0,,,0,
UZB,,2016,31441,,0,,,0,
UZB,,2017,31959,,0,,,0,
UZB,,2018,32476,,0,,,0,
UZB,,2019,32981,,0,,,0,
BGD,Bangladesh,2000,13727050,42000,78958,128000,7,166,390
BGD,,2001,13988438,43000,80462,131000,7,170,400
BGD,,2002,14245368,42000,81940,132000,7,173,410
BGD,,2003,14494139,43000,83371,135000,7,176,420
BGD,,2004,14730151,44000,84728,137000,7,179,420
BGD,,2005,14950487,46000,85995,140000,7,181,440
BGD,,2006,15153253,41000,68539,103000,6,139,290
BGD,,2007,15340271,63000,75032,88000,8,155,270
BGD,,2008,15517025,96000,121084,151000,12,264,480
BGD,,2009,15691292,109000,128228,149000,15,251,430
BGD,,2010,15868787,59000,68774,80000,6,165,290
BGD,,2011,16051340,54000,63356,73000,5,155,270
BGD,,2012,16237645,31000,35747,41000,3,87,150
BGD,,2013,16426435,23000,25366,29000,2,60,100
BGD,,2014,16615254,49000,54801,61000,4,133,220
BGD,,2015,16802238,41000,46361,52000,4,111,190
BGD,,2016,16987281,29000,32789,37000,2,77,130
BGD,,2017,17170973,30000,34766,40000,3,80,140
BGD,,2018,17352838,11000,12708,15000,0,27,48
BGD,,2019,17532354,18000,21146,25000,1,47,82
BTN,Bhutan,2000,437350,,5935,,,15,
BTN,,2001,446695,,5982,,,14,
BTN,,2002,455858,,6511,,,11,
BTN,,2003,464601,,3806,,,14,
BTN,,2004,472718,,2670,,,7,
BTN,,2005,480070,,1825,,,5,
BTN,,2006,486478,,1868,,,7,
BTN,,2007,492006,,793,,,2,
BTN,,2008,496992,,329,,,2,
BTN,,2009,501963,,972,,,4,
BTN,,2010,507271,,436,,,2,
BTN,,2011,513039,,194,,,1,
BTN,,2012,519170,,82,,,1,
BTN,,2013,525573,,15,,,0,
BTN,,2014,532099,,19,,,0,
BTN,,2015,538634,,34,,,0,
BTN,,2016,545162,,15,,,0,
BTN,,2017,551716,,11,,,0,
BTN,,2018,558253,,6,,,0,
BTN,,2019,564689,,2,,,0,
PRK,Democratic People’s Republic of Korea,2000,8953346,,90582,,,0,
PRK,,2001,9032966,,115615,,,0,
PRK,,2002,9113589,,98852,,,0,
PRK,,2003,9192849,,16538,,,0,
PRK,,2004,9267160,,15827,,,0,
PRK,,2005,9334099,,6728,,,0,
PRK,,2006,9392944,,6913,,,0,
PRK,,2007,9445059,,4795,,,0,
PRK,,2008,9492624,,16611,,,0,
PRK,,2009,9538778,,14632,,,0,
PRK,,2010,9585831,,13520,,,0,
PRK,,2011,9634466,,16760,,,0,
PRK,,2012,9684153,,21850,,,0,
PRK,,2013,9734471,,14407,,,0,
PRK,,2014,9784567,,10535,,,0,
PRK,,2015,9833782,,7409,,,0,
PRK,,2016,9882137,,2719,,,0,
PRK,,2017,9929834,,4575,,,0,
PRK,,2018,9976610,,3698,,,0,
PRK,,2019,10022121,,1869,,,0,
IND,India,2000,987264165,15390000,19660000,25490000,2700,29513,53100
IND,,2001,1004480209,15870000,20040000,25970000,2890,28615,50700
IND,,2002,1021595666,14700000,18910000,24730000,2660,27222,48800
IND,,2003,1038607248,15800000,20230000,25970000,2890,27849,49100
IND,,2004,1055520127,17220000,22450000,29460000,3120,31216,56200
IND,,2005,1072326769,18120000,24310000,33220000,3450,32652,60200
IND,,2006,1089030372,14660000,19930000,27640000,2740,27978,52100
IND,,2007,1105590990,14160000,19140000,27120000,2620,27675,52800
IND,,2008,1121905943,14480000,20110000,28940000,2720,29921,57400
IND,,2009,1137843607,14850000,20650000,30080000,2710,32024,62500
IND,,2010,1153312308,14940000,20220000,28460000,2750,30529,57800
IND,,2011,1168268867,12800000,17280000,23980000,2410,25632,48500
IND,,2012,1182744981,10310000,14020000,19830000,1940,20436,39000
IND,,2013,1196818869,8160000,10950000,15270000,1510,16697,31400
IND,,2014,1210609238,8375000,11120000,15460000,1390,20096,38200
IND,,2015,1224206387,8956000,11860000,16170000,1460,21707,41100
IND,,2016,1237628916,8819000,12410000,17950000,1540,22404,43600
IND,,2017,1250859601,6774000,9310000,13180000,1190,16245,31300
IND,,2018,1263908968,4645000,6736000,9397000,940,9618,18200
IND,,2019,1276780904,3723000,5551000,7850000,770,7705,14600
IDN,Indonesia,2000,211513816,1014000,1393982,1819000,200,1898,3580
IDN,,2001,214427416,1036000,1413184,1839000,200,1924,3610
IDN,,2002,217357816,1049000,1432497,1862000,200,1950,3690
IDN,,2003,220309464,1063000,1451950,1889000,200,1977,3720
IDN,,2004,223285648,1061000,1180838,1318000,180,1484,2390
IDN,,2005,226289464,1608000,1788058,2000000,260,2481,4030
IDN,,2006,229318248,1356000,1505353,1685000,220,2126,3450
IDN,,2007,232374240,1122000,1531463,1999000,210,2085,3940
IDN,,2008,235469752,1135000,1551864,2019000,220,2113,3990
IDN,,2009,238620544,1150000,1572629,2047000,220,2141,4030
IDN,,2010,241834240,1944000,2163008,2419000,300,3457,5610
IDN,,2011,245116000,1770000,1967619,2203000,260,3100,5020
IDN,,2012,248451712,1754000,1951821,2181000,270,3071,5010
IDN,,2013,251805312,1494000,1661300,1854000,230,2643,4300
IDN,,2014,255128088,1135000,1263267,1415000,170,2037,3320
IDN,,2015,258383224,1017000,1128972,1264000,150,1776,2890
IDN,,2016,261556400,1058000,1175037,1312000,150,2041,3340
IDN,,2017,264650968,729000,798959,878000,100,1398,2260
IDN,,2018,267670528,557000,609581,671000,80,1051,1710
IDN,,2019,270625584,602000,658380,724000,86,1170,1910
MMR,Myanmar,2000,27806631,945000,1357303,2010000,160,2746,5590
MMR,,2001,28107446,951000,1371987,2012000,160,2776,5790
MMR,,2002,28391369,970000,1385845,2048000,160,2804,5810
MMR,,2003,28657265,983000,1398824,2077000,170,2830,5810
MMR,,2004,28904615,997000,1410898,2086000,160,2854,5870
MMR,,2005,29134019,995000,1422096,2073000,160,2877,5890
MMR,,2006,29342994,660000,1017917,1576000,120,2041,4330
MMR,,2007,29533711,943000,1285851,1840000,150,2561,5090
MMR,,2008,29717127,1153000,1573811,2263000,180,3222,6460
MMR,,2009,29908014,1098000,1492380,2129000,170,3023,6020
MMR,,2010,30116600,1368000,2017344,3123000,240,3882,8150
MMR,,2011,30348592,1024000,1326604,1779000,160,2479,4660
MMR,,2012,30600405,1348000,1892905,2771000,220,3680,7410
MMR,,2013,30861549,454000,611838,846000,73,1169,2300
MMR,,2014,31116493,281000,383705,534000,46,729,1450
MMR,,2015,31354512,220000,271877,328000,34,482,850
MMR,,2016,31571437,211000,261099,314000,33,440,770
MMR,,2017,31772210,167000,206263,248000,26,357,620
MMR,,2018,31966116,152000,187624,226000,25,297,520
MMR,,2019,32166754,61000,75513,91000,10,96,170
NPL,Nepal,2000,6949622,28000,49894,81000,7,26,53
NPL,,2001,7067479,22000,57996,124000,7,29,76
NPL,,2002,7177354,44000,88606,161000,13,65,150
NPL,,2003,7280477,31000,75753,158000,10,48,120
NPL,,2004,7378725,15000,36155,81000,4,25,69
NPL,,2005,7473113,16000,37463,89000,4,27,77
NPL,,2006,7566637,15000,36982,86000,4,34,96
NPL,,2007,7658337,18000,43820,92000,5,41,110
NPL,,2008,7740775,13000,32238,75000,3,25,76
NPL,,2009,7803751,12000,25643,58000,3,21,59
NPL,,2010,7841393,15000,30320,63000,3,27,70
NPL,,2011,7849525,14000,23897,46000,2,8,21
NPL,,2012,7834413,12000,18423,33000,2,6,16
NPL,,2013,7813407,6900,10164,17000,1,6,14
NPL,,2014,7810268,3000,4886,9800,0,3,8
NPL,,2015,7841923,2500,4422,9400,0,2,7
NPL,,2016,7914028,2300,3373,5800,0,2,4
NPL,,2017,8021214,2500,3091,4000,0,1,2
NPL,,2018,8155623,3300,4448,6400,0,1,3
NPL,,2019,8304537,540,677,890,,0,
LKA,Sri Lanka,2000,4318849,,210039,,,77,
LKA,,2001,4349697,,66522,,,52,
LKA,,2002,4384369,,41411,,,30,
LKA,,2003,4421528,,10510,,,4,
LKA,,2004,4459045,,3720,,,1,
LKA,,2005,4495347,,1640,,,0,
LKA,,2006,4530074,,591,,,1,
LKA,,2007,4563670,,198,,,1,
LKA,,2008,4596316,,670,,,0,
LKA,,2009,4628406,,531,,,0,
LKA,,2010,4660199,,684,,,0,
LKA,,2011,4691654,,124,,,0,
LKA,,2012,4722497,,23,,,0,
LKA,,2013,4752502,,0,,,0,
LKA,,2014,4781357,,0,,,0,
LKA,,2015,4808845,,0,,,0,
LKA,,2016,4834870,,0,,,0,
LKA,,2017,4859446,,0,,,0,
LKA,,2018,4882614,,0,,,0,
LKA,,2019,4904458,,0,,,0,
THA,Thailand,2000,11945892,,81692,,,625,
THA,,2001,12057196,,63528,,,424,
THA,,2002,12157749,,44555,,,361,
THA,,2003,12248982,,37355,,,204,
THA,,2004,12333510,,26690,,,230,
THA,,2005,12413376,,29591,,,161,
THA,,2006,12488587,,30115,,,113,
THA,,2007,12558708,,33162,,,97,
THA,,2008,12624918,,30988,,,101,
THA,,2009,12688650,,35597,,,70,
THA,,2010,12750928,,22949,,,80,
THA,,2011,12812287,,14465,,,43,
THA,,2012,12872552,,29059,,,37,
THA,,2013,12931104,,30218,,,47,
THA,,2014,12986935,,34844,,,38,
THA,,2015,13039267,,23540,,,33,
THA,,2016,13087996,,17800,,,27,
THA,,2017,13133254,,8417,,,15,
THA,,2018,13174743,,6094,,,8,
THA,,2019,13212150,,3538,,,13,
TLS,Timor-Leste,2000,831754,37000,88848,211000,6,168,530
TLS,,2001,847600,38000,90541,214000,6,173,550
TLS,,2002,867807,47000,73579,104000,8,140,280
TLS,,2003,890765,39000,46228,54000,5,86,150
TLS,,2004,914070,90000,165686,250000,18,318,660
TLS,,2005,935929,72000,113031,159000,12,223,440
TLS,,2006,955968,69000,121188,180000,12,239,490
TLS,,2007,974732,80000,112278,148000,12,221,420
TLS,,2008,992640,89000,134166,185000,14,271,530
TLS,,2009,1010376,74000,103246,137000,11,198,370
TLS,,2010,1028463,72000,102580,138000,11,198,380
TLS,,2011,1046931,26000,32765,41000,3,69,130
TLS,,2012,1065599,6200,7311,8600,0,9,16
TLS,,2013,1084678,1200,1418,1700,0,1,3
TLS,,2014,1104471,400,480,560,0,0,1
TLS,,2015,1125125,93,110,130,,0,
TLS,,2016,1146752,110,130,150,,0,
TLS,,2017,1169297,19,23,27,,0,
TLS,,2018,1192542,,0,,,0,
TLS,,2019,1216191,,0,,,0,
KHM,Cambodia,2000,8596064,413000,669109,985000,61,1582,3280
KHM,,2001,8772982,285000,388681,523000,39,904,1730
KHM,,2002,8937268,256000,349008,462000,35,803,1520
KHM,,2003,9091755,365000,464899,592000,48,1062,1950
KHM,,2004,9240480,328000,403094,498000,44,894,1580
KHM,,2005,9386783,330000,388706,462000,49,705,1200
KHM,,2006,9531298,341000,437975,577000,50,897,1670
KHM,,2007,9674325,140000,191165,273000,21,394,780
KHM,,2008,9818509,163000,214883,290000,21,496,960
KHM,,2009,9966856,333000,426267,549000,50,853,1560
KHM,,2010,10121448,291000,353293,428000,45,644,1130
KHM,,2011,10283547,320000,368041,424000,47,641,1070
KHM,,2012,10452589,226000,260016,300000,36,383,640
KHM,,2013,10626470,154000,177403,207000,25,243,400
KHM,,2014,10801977,260000,301502,353000,40,500,840
KHM,,2015,10976603,256000,296318,346000,38,507,860
KHM,,2016,11149762,163000,188731,221000,24,310,520
KHM,,2017,11321696,289000,334147,392000,43,554,930
KHM,,2018,11491692,235000,272272,318000,44,265,430
KHM,,2019,11659117,121000,140077,164000,23,102,170
CHN,China,2000,542675955,,8025,,,31,
CHN,,2001,546292480,,21237,,,27,
CHN,,2002,549751407,,25520,,,42,
CHN,,2003,553091065,,28491,,,52,
CHN,,2004,556358427,,27197,,,31,
CHN,,2005,559590377,,21936,,,48,
CHN,,2006,562800567,,35383,,,37,
CHN,,2007,565993199,,29304,,,18,
CHN,,2008,569183474,,16650,,,23,
CHN,,2009,572384457,,9287,,,10,
CHN,,2010,575602489,,4990,,,19,
CHN,,2011,578839498,,3367,,,33,
CHN,,2012,582085796,,244,,,0,
CHN,,2013,585319566,,86,,,0,
CHN,,2014,588510377,,56,,,0,
CHN,,2015,591629054,,39,,,0,
CHN,,2016,594669360,,1,,,0,
CHN,,2017,597615770,,0,,,0,
CHN,,2018,600417964,,0,,,0,
CHN,,2019,603014836,,0,,,0,
LAO,Lao People’s Democratic Republic,2000,2770134,86000,173739,284000,12,427,970
LAO,,2001,2814822,54000,83174,122000,6,204,420
LAO,,2002,2858356,42000,63475,93000,4,157,320
LAO,,2003,2901748,37000,58140,89000,4,144,310
LAO,,2004,2946268,31000,48705,73000,3,120,260
LAO,,2005,2992826,25000,38773,58000,2,95,200
LAO,,2006,3041946,45000,70761,106000,5,179,390
LAO,,2007,3093395,45000,68726,100000,5,173,370
LAO,,2008,3146303,45000,67647,96000,4,170,350
LAO,,2009,3199373,33000,48097,67000,3,119,240
LAO,,2010,3251692,36000,51184,69000,3,127,250
LAO,,2011,3302891,26000,35886,48000,2,85,160
LAO,,2012,3353345,78000,107497,142000,10,235,450
LAO,,2013,3403701,65000,89436,118000,10,164,310
LAO,,2014,3454934,86000,117828,156000,15,179,340
LAO,,2015,3507695,64000,87857,117000,12,114,210
LAO,,2016,3562168,21000,28666,38000,3,34,64
LAO,,2017,3617940,15000,20348,27000,2,29,55
LAO,,2018,3674379,12000,16435,22000,1,24,47
LAO,,2019,3730554,7700,10549,14000,1,10,20
MYS,Malaysia,2000,927770,,12705,,,35,
MYS,,2001,948364,,12780,,,46,
MYS,,2002,968335,,11019,,,38,
MYS,,2003,987952,,6338,,,21,
MYS,,2004,1007625,,6154,,,35,
MYS,,2005,1027624,,5569,,,33,
MYS,,2006,1048078,,5294,,,21,
MYS,,2007,1068814,,4048,,,15,
MYS,,2008,1089440,,6071,,,20,
MYS,,2009,1109401,,5955,,,23,
MYS,,2010,1128321,,5194,,,13,
MYS,,2011,1146038,,3954,,,12,
MYS,,2012,1162727,,3662,,,12,
MYS,,2013,1178756,,2921,,,10,
MYS,,2014,1194664,,3147,,,4,
MYS,,2015,1210838,,242,,,4,
MYS,,2016,1227386,,266,,,2,
MYS,,2017,1244186,,85,,,0,
MYS,,2018,1261121,,0,,,0,
MYS,,2019,1277991,,0,,,0,
PNG,Papua New Guinea,2000,5847590,496000,1523740,2741000,120,3274,8090
PNG,,2001,5974627,527000,1519641,2671000,130,3237,7720
PNG,,2002,6098621,392000,1314224,2378000,110,2802,6780
PNG,,2003,6223378,434000,1432124,2603000,120,3025,7510
PNG,,2004,6354247,667000,1853465,3275000,160,3817,9310
PNG,,2005,6494902,512000,1549081,2785000,140,3063,7410
PNG,,2006,6646891,544000,1640034,2906000,150,3236,7800
PNG,,2007,6808503,460000,1398768,2531000,120,2911,7090
PNG,,2008,6976200,445000,1326406,2410000,110,2768,6800
PNG,,2009,7144774,709000,1774239,3073000,160,3770,9010
PNG,,2010,7310512,446000,1240109,2178000,110,2633,6300
PNG,,2011,7472196,385000,1045967,1833000,87,2344,5620
PNG,,2012,7631003,470000,1413033,2830000,110,3044,8030
PNG,,2013,7788388,897000,1596966,2473000,130,3848,8340
PNG,,2014,7946733,1097000,1831551,2794000,200,3535,7450
PNG,,2015,8107772,654000,963545,1335000,100,2012,3950
PNG,,2016,8271766,966000,1346118,1809000,150,2848,5480
PNG,,2017,8438038,1012000,1477804,2029000,170,3006,5860
PNG,,2018,8606324,1098000,1587573,2179000,180,3124,6070
PNG,,2019,8776119,1023000,1372189,1770000,160,2745,5130
PHL,Philippines,2000,45292927,88000,119377,158000,9,305,590
PHL,,2001,46269230,83000,112964,149000,9,289,560
PHL,,2002,47252061,89000,121077,159000,9,309,600
PHL,,2003,48231599,115000,156723,205000,12,401,770
PHL,,2004,49194798,121000,169772,229000,13,434,860
PHL,,2005,50133100,108000,151755,203000,16,306,590
PHL,,2006,51040472,82000,118908,162000,13,234,460
PHL,,2007,51921338,77000,112751,152000,12,217,420
PHL,,2008,52790413,49000,74621,102000,8,142,280
PHL,,2009,53668594,40000,58667,79000,6,114,220
PHL,,2010,54570267,37000,53401,71000,5,112,220
PHL,,2011,55501351,17000,23891,31000,2,47,90
PHL,,2012,56455261,14000,19138,25000,1,35,67
PHL,,2013,57418667,13000,17518,23000,1,35,68
PHL,,2014,58371998,11000,14543,19000,0,31,58
PHL,,2015,59301219,22000,29896,39000,2,66,130
PHL,,2016,60201724,12000,17491,23000,1,38,74
PHL,,2017,61078112,12000,16724,22000,1,36,72
PHL,,2018,61936727,7900,11149,15000,0,25,50
PHL,,2019,62787645,22000,40873,178000,2,94,460
KOR,Republic of Korea,2000,3316546,,4183,,,0,
KOR,,2001,3339435,,2556,,,0,
KOR,,2002,3359968,,1799,,,0,
KOR,,2003,3378263,,1171,,,0,
KOR,,2004,3394540,,864,,,0,
KOR,,2005,3409074,,1369,,,0,
KOR,,2006,3421631,,2051,,,0,
KOR,,2007,3432437,,2227,,,1,
KOR,,2008,3442772,,1052,,,0,
KOR,,2009,3454321,,898,,,1,
KOR,,2010,3468194,,1267,,,1,
KOR,,2011,3485030,,505,,,2,
KOR,,2012,3504244,,394,,,0,
KOR,,2013,3524200,,383,,,0,
KOR,,2014,3542553,,557,,,0,
KOR,,2015,3557616,,627,,,0,
KOR,,2016,3568841,,602,,,0,
KOR,,2017,3576748,,436,,,0,
KOR,,2018,3582018,,501,,,0,
KOR,,2019,3585772,,485,,,1,
SLB,Solomon Islands,2000,408538,132000,254582,421000,27,476,1070
SLB,,2001,419709,155000,285929,461000,32,521,1150
SLB,,2002,431079,152000,280109,456000,30,513,1140
SLB,,2003,442545,166000,238969,347000,28,456,920
SLB,,2004,453963,187000,337528,542000,36,652,1430
SLB,,2005,465218,151000,285544,464000,31,546,1220
SLB,,2006,476275,150000,281608,464000,29,549,1240
SLB,,2007,487211,111000,155491,222000,18,310,630
SLB,,2008,498332,67000,92630,132000,10,180,360
SLB,,2009,510030,54000,75305,108000,8,142,290
SLB,,2010,522582,66000,91425,131000,10,163,320
SLB,,2011,536106,44000,62676,92000,7,108,220
SLB,,2012,550505,39000,52221,73000,6,89,180
SLB,,2013,565615,40000,53689,75000,6,83,160
SLB,,2014,581208,25000,30591,39000,3,48,88
SLB,,2015,597101,33000,39916,49000,5,57,99
SLB,,2016,613243,72000,84451,101000,12,103,170
SLB,,2017,629669,80000,103482,139000,14,134,250
SLB,,2018,646327,75000,86348,102000,12,109,180
SLB,,2019,663122,122000,164358,230000,25,186,360
VUT,Vanuatu,2000,184964,13000,23167,38000,2,34,75
VUT,,2001,189209,13000,18702,27000,1,24,49
VUT,,2002,193927,25000,36655,53000,4,52,100
VUT,,2003,198960,28000,42687,64000,5,68,140
VUT,,2004,204123,23000,33102,45000,3,49,93
VUT,,2005,209282,17000,25624,39000,3,35,71
VUT,,2006,214379,14000,22943,35000,2,30,63
VUT,,2007,219464,15000,27312,117000,3,36,170
VUT,,2008,224700,13000,26771,116000,2,37,180
VUT,,2009,230244,8100,14887,25000,1,22,51
VUT,,2010,236216,13000,15669,20000,1,20,35
VUT,,2011,242658,8900,11631,16000,1,14,27
VUT,,2012,249505,6400,8394,11000,,0,
VUT,,2013,256637,4100,5326,7200,,0,
VUT,,2014,263888,1900,2427,3300,,0,
VUT,,2015,271128,680,787,920,,0,
VUT,,2016,278326,3200,4177,5600,,0,
VUT,,2017,285499,1700,2268,3100,,0,
VUT,,2018,292675,900,1167,1600,,0,
VUT,,2019,299882,800,1047,1400,,0,
VNM,Viet Nam,2000,58893103,158000,201414,270000,22,421,800
VNM,,2001,59506334,148000,185145,241000,21,380,700
VNM,,2002,60089950,105000,131451,172000,14,271,500
VNM,,2003,60655409,78000,96592,125000,11,197,360
VNM,,2004,61216381,47000,56559,72000,6,115,210
VNM,,2005,61783751,34000,40604,51000,4,79,140
VNM,,2006,62362205,37000,43620,54000,4,92,160
VNM,,2007,62953293,24000,28022,34000,2,53,92
VNM,,2008,63560457,16000,17911,22000,1,37,65
VNM,,2009,64186031,21000,22853,26000,1,47,81
VNM,,2010,64831191,21000,22959,26000,2,45,75
VNM,,2011,65497232,19000,20206,23000,2,35,58
VNM,,2012,66183027,22000,23838,27000,2,40,66
VNM,,2013,66883664,19000,20760,23000,2,33,55
VNM,,2014,67592103,18000,19060,21000,2,29,47
VNM,,2015,68301988,10000,11283,13000,1,16,25
VNM,,2016,69011962,4600,5024,5600,0,7,12
VNM,,2017,69719636,5000,5481,6100,0,9,15
VNM,,2018,70416327,5300,5794,6500,0,9,16
VNM,,2019,71091518,8900,9702,11000,0,17,29
